"action","authority","title","publisher","publishing_line","start_year","record_id"
"ADD AUTHORITY","100%","","Image","Image Central","","IMA-0001"
"ADD SERIES","100%","100%","Image","Image Central","","IMS-0001"
"ADD AUTHORITY","1949","","Image","Image Central","","IMA-0002"
"ADD SERIES","1949","1949","Image","Image Central","","IMS-0002"
"ADD AUTHORITY","20th Century Men","","Image","Image Central","","IMA-0003"
"ADD SERIES","20th Century Men","20th Century Men","Image","Image Central","","IMS-0003"
"ADD AUTHORITY","39 Minutes","","Image","Image Central","","IMA-0004"
"ADD SERIES","39 Minutes","39 Minutes","Image","Image Central","","IMS-0004"
"ADD AUTHORITY","3Keys","","Image","Image Central","","IMA-0005"
"ADD SERIES","3Keys","3Keys","Image","Image Central","","IMS-0005"
"ADD AUTHORITY","68","","Image","Image Central","","IMA-0006"
"ADD SERIES","68","68","Image","Image Central","","IMS-0006"
"ADD AUTHORITY","A Distant Soil","","Image","Image Central","","IMA-0007"
"REPAIR SERIES","A Distant Soil","A Distant Soil","Image","Image Central","","SER-01114"
"ADD AUTHORITY","A HAUNTED GIRL","","Image","Image Central","","IMA-0008"
"ADD SERIES","A HAUNTED GIRL","A HAUNTED GIRL","Image","Image Central","","IMS-0007"
"ADD AUTHORITY","A Man Among Ye","","Image","Image Central","","IMA-0009"
"ADD SERIES","A Man Among Ye","A Man Among Ye","Image","Image Central","","IMS-0008"
"ADD AUTHORITY","A Righteous Thirst for Vengeance","","Image","Image Central","","IMA-0010"
"ADD SERIES","A Righteous Thirst for Vengeance","A Righteous Thirst for Vengeance","Image","Image Central","","IMS-0009"
"ADD AUTHORITY","A Thing Called Truth","","Image","Image Central","","IMA-0011"
"ADD SERIES","A Thing Called Truth","A Thing Called Truth","Image","Image Central","","IMS-0010"
"ADD AUTHORITY","A Town Called Terror","","Image","Image Central","","IMA-0012"
"ADD SERIES","A Town Called Terror","A Town Called Terror","Image","Image Central","","IMS-0011"
"ADD AUTHORITY","A Voice in the Dark","","Image","Image Central","","IMA-0013"
"ADD SERIES","A Voice in the Dark","A Voice in the Dark","Image","Image Central","","IMS-0012"
"ADD AUTHORITY","A.D.: After Death","","Image","Image Central","","IMA-0014"
"ADD SERIES","A.D.: After Death","A.D.: After Death","Image","Image Central","","IMS-0013"
"ADD AUTHORITY","A.R.C.","","Image","Image Central","","IMA-0015"
"ADD SERIES","A.R.C.","A.R.C.","Image","Image Central","","IMS-0014"
"ADD AUTHORITY","Above Snakes","","Image","Image Central","","IMA-0016"
"ADD SERIES","Above Snakes","Above Snakes","Image","Image Central","","IMS-0015"
"ADD AUTHORITY","Adventureman","","Image","Image Central","","IMA-0017"
"ADD SERIES","Adventureman","Adventureman","Image","Image Central","","IMS-0016"
"ADD AUTHORITY","Adventures In The Rifle Brigade","","Image","Image Central","","IMA-0018"
"ADD SERIES","Adventures In The Rifle Brigade","Adventures In The Rifle Brigade","Image","Image Central","","IMS-0017"
"ADD AUTHORITY","Age of Bronze","","Image","Image Central","","IMA-0019"
"REPAIR SERIES","Age of Bronze","Age of Bronze","Image","Image Central","","SER-01115"
"ADD AUTHORITY","Ain't No Grave","","Image","Image Central","","IMA-0020"
"ADD SERIES","Ain't No Grave","Ain't No Grave","Image","Image Central","","IMS-0018"
"ADD AUTHORITY","Alex + Ada","","Image","Image Central","","IMA-0021"
"REPAIR SERIES","Alex + Ada","Alex + Ada","Image","Image Central","","SER-01116"
"ADD AUTHORITY","All Against All","","Image","Image Central","","IMA-0022"
"ADD SERIES","All Against All","All Against All","Image","Image Central","","IMS-0019"
"ADD AUTHORITY","American Jesus","","Image","Millarworld","","IMA-0023"
"REPAIR SERIES","American Jesus","American Jesus","Image","Millarworld","","SER-01117"
"ADD AUTHORITY","Ant","","Image","Highbrow Entertainment","","IMA-0024"
"ADD SERIES","Ant","Ant","Image","Highbrow Entertainment","","IMS-0020"
"ADD AUTHORITY","ANTARCTICA","","Image","Image Central","","IMA-0025"
"ADD SERIES","ANTARCTICA","ANTARCTICA","Image","Image Central","","IMS-0021"
"ADD AUTHORITY","Antioch","","Image","Image Central","","IMA-0026"
"ADD SERIES","Antioch","Antioch","Image","Image Central","","IMS-0022"
"ADD AUTHORITY","Apes & Babes","","Image","Image Central","","IMA-0027"
"ADD SERIES","Apes & Babes","Apes & Babes","Image","Image Central","","IMS-0023"
"ADD AUTHORITY","Aphrodite IX","","Image","Top Cow Productions","","IMA-0028"
"ADD SERIES","Aphrodite IX","Aphrodite","Image","Top Cow Productions","","IMS-0024"
"ADD AUTHORITY","Aquarius: The Book of Mer","","Image","Image Central","","IMA-0029"
"ADD SERIES","Aquarius: The Book of Mer","Aquarius: The Book of Mer","Image","Image Central","","IMS-0025"
"ADD AUTHORITY","Arcade Kings","","Image","Image Central","","IMA-0030"
"ADD SERIES","Arcade Kings","Arcade Kings","Image","Image Central","","IMS-0026"
"ADD AUTHORITY","Aria: Heavenly Creatures","","Image","Image Central","","IMA-0031"
"ADD SERIES","Aria: Heavenly Creatures","Aria: Heavenly Creatures","Image","Image Central","","IMS-0027"
"ADD AUTHORITY","ARROWSMITH","","Image","Cliffhanger","","IMA-0032"
"ADD SERIES","ARROWSMITH","ARROWSMITH","Image","Cliffhanger","","IMS-0028"
"ADD AUTHORITY","Art Brut","","Image","Image Central","","IMA-0033"
"ADD SERIES","Art Brut","Art Brut","Image","Image Central","","IMS-0029"
"ADD AUTHORITY","Artemis Ix","","Image","Image Central","","IMA-0034"
"ADD SERIES","Artemis Ix","Artemis Ix","Image","Image Central","","IMS-0030"
"ADD AUTHORITY","Artifacts","","Image","Top Cow Productions","","IMA-0035"
"ADD SERIES","Artifacts","Artifacts","Image","Top Cow Productions","","IMS-0031"
"ADD AUTHORITY","Ascender","","Image","Image Central","","IMA-0036"
"ADD SERIES","Ascender","Ascender","Image","Image Central","","IMS-0032"
"ADD AUTHORITY","Assassin Nation","","Image","Skybound","","IMA-0037"
"ADD SERIES","Assassin Nation","Assassin Nation","Image","Skybound","","IMS-0033"
"ADD AUTHORITY","Assorted Crisis Events","","Image","Image Central","","IMA-0038"
"ADD SERIES","Assorted Crisis Events","Assorted Crisis Events","Image","Image Central","","IMS-0034"
"ADD SERIES","Astro City","Astro City","Image","Homage Studios","","IMS-0035"
"ADD AUTHORITY","Atomahawk","","Image","Image Central","","IMA-0039"
"ADD SERIES","Atomahawk","Atomahawk","Image","Image Central","","IMS-0036"
"ADD AUTHORITY","Auntie Agatha's Home For Wayward Rabbits","","Image","Image Central","","IMA-0040"
"ADD SERIES","Auntie Agatha's Home For Wayward Rabbits","Auntie Agatha's Home For Wayward Rabbits","Image","Image Central","","IMS-0037"
"ADD AUTHORITY","Ava's Demon","","Image","Image Central","","IMA-0041"
"ADD SERIES","Ava's Demon","Ava's Demon","Image","Image Central","","IMS-0038"
"ADD SERIES","Criminal","Bad Weekend","Image","Image Central","","IMS-0039"
"ADD AUTHORITY","Barrier","","Image","Image Central","","IMA-0042"
"ADD SERIES","Barrier","Barrier","Image","Image Central","","IMS-0040"
"ADD AUTHORITY","Battle Chasers","","Image","Cliffhanger","","IMA-0043"
"REPAIR SERIES","Battle Chasers","Battle Chasers","Image","Cliffhanger","","SER-01118"
"ADD AUTHORITY","Battle Pope","","Image","Skybound","","IMA-0044"
"REPAIR SERIES","Battle Pope","Battle Pope","Image","Skybound","","SER-01119"
"ADD AUTHORITY","Battlepug","","Image","Image Central","","IMA-0045"
"ADD SERIES","Battlepug","Battlepug","Image","Image Central","","IMS-0041"
"ADD AUTHORITY","Bear Pirate Viking Queen","","Image","Image Central","","IMA-0046"
"ADD SERIES","Bear Pirate Viking Queen","Bear Pirate Viking Queen","Image","Image Central","","IMS-0042"
"ADD AUTHORITY","Bedlam","","Image","Image Central","","IMA-0047"
"ADD SERIES","Bedlam","Bedlam","Image","Image Central","","IMS-0043"
"ADD AUTHORITY","Beowulf","","Image","Image Central","","IMA-0048"
"ADD SERIES","Beowulf","Beowulf","Image","Image Central","","IMS-0044"
"ADD AUTHORITY","Berserker","","Image","Image Central","","IMA-0049"
"ADD SERIES","Berserker","Berserker","Image","Image Central","","IMS-0045"
"ADD AUTHORITY","Beware the Eye of Odin","","Image","Image Central","","IMA-0050"
"ADD SERIES","Beware the Eye of Odin","Beware the Eye of Odin","Image","Image Central","","IMS-0046"
"ADD AUTHORITY","Big Girls","","Image","Image Central","","IMA-0051"
"ADD SERIES","Big Girls","Big Girls","Image","Image Central","","IMS-0047"
"ADD AUTHORITY","Bingo Love","","Image","Image Central","","IMA-0052"
"ADD SERIES","Bingo Love","Bingo Love","Image","Image Central","","IMS-0048"
"REPAIR SERIES","Birthright","Birthright","Image","Skybound","","SER-00101"
"REPAIR SERIES","Bitch Planet","Bitch Planet","Image","Image Central","","SER-00102"
"ADD AUTHORITY","Bitter Root","","Image","Image Central","","IMA-0053"
"REPAIR SERIES","Bitter Root","Bitter Root","Image","Image Central","","SER-01120"
"ADD SERIES","Bitter Root","Bitter Root: The Next Movement","Image","Image Central","","IMS-0049"
"ADD AUTHORITY","Black Cloak","","Image","Image Central","","IMA-0054"
"REPAIR SERIES","Black Cloak","Black Cloak","Image","Image Central","","SER-01121"
"ADD AUTHORITY","Black History In Its Own Words","","Image","Image Central","","IMA-0055"
"ADD SERIES","Black History In Its Own Words","Black History In Its Own Words","Image","Image Central","","IMS-0050"
"ADD AUTHORITY","Black Kiss II","","Image","Image Central","","IMA-0056"
"ADD SERIES","Black Kiss II","Black Kiss II","Image","Image Central","","IMS-0051"
"ADD AUTHORITY","Black Magick","","Image","Image Central","","IMA-0057"
"REPAIR SERIES","Black Magick","Black Magick","Image","Image Central","","SER-01122"
"ADD AUTHORITY","Black Ritual The Book of Nyx","","Image","Image Central","","IMA-0058"
"ADD SERIES","Black Ritual The Book of Nyx","Black Ritual The Book of Nyx","Image","Image Central","","IMS-0052"
"REPAIR SERIES","Black Science","Black Science","Image","Image Central","","SER-00110"
"ADD AUTHORITY","Blackhand & Ironhead","","Image","Image Central","","IMA-0059"
"ADD SERIES","Blackhand & Ironhead","Blackhand & Ironhead","Image","Image Central","","IMS-0053"
"ADD AUTHORITY","Blackhand Comics","","Image","Image Central","","IMA-0060"
"ADD SERIES","Blackhand Comics","Blackhand Comics","Image","Image Central","","IMS-0054"
"ADD AUTHORITY","Bliss","","Image","Image Central","","IMA-0061"
"ADD SERIES","Bliss","Bliss","Image","Image Central","","IMS-0055"
"ADD AUTHORITY","Blood & Thunder","","Image","Image Central","","IMA-0062"
"ADD SERIES","Blood & Thunder","Blood & Thunder","Image","Image Central","","IMS-0056"
"ADD AUTHORITY","Blood Commandment","","Image","Image Central","","IMA-0063"
"ADD SERIES","Blood Commandment","Blood Commandment","Image","Image Central","","IMS-0057"
"ADD AUTHORITY","Blood Squad Seven","","Image","Image Central","","IMA-0064"
"ADD SERIES","Blood Squad Seven","Blood Squad Seven","Image","Image Central","","IMS-0058"
"ADD AUTHORITY","Blood Stain","","Image","Top Cow Productions","","IMA-0065"
"ADD SERIES","Blood Stain","Blood Stain","Image","Top Cow Productions","","IMS-0059"
"ADD AUTHORITY","Blood Stained Teeth","","Image","Image Central","","IMA-0066"
"ADD SERIES","Blood Stained Teeth","Blood Stained Teeth","Image","Image Central","","IMS-0060"
"ADD AUTHORITY","Blood Tree","","Image","Image Central","","IMA-0067"
"ADD SERIES","Blood Tree","Blood Tree","Image","Image Central","","IMS-0061"
"ADD AUTHORITY","Bloodletter","","Image","Image Central","","IMA-0068"
"ADD SERIES","Bloodletter","Bloodletter","Image","Image Central","","IMS-0062"
"ADD AUTHORITY","BLOODRIK","","Image","Image Central","","IMA-0069"
"ADD SERIES","BLOODRIK","BLOODRIK","Image","Image Central","","IMS-0063"
"ADD AUTHORITY","Bloodstrike","","Image","Extreme Studios / Awesome Comics","","IMA-0070"
"ADD SERIES","Bloodstrike","Bloodstrike","Image","Extreme Studios / Awesome Comics","","IMS-0064"
"ADD AUTHORITY","Bloody Mary","","Image","Image Central","","IMA-0071"
"ADD SERIES","Bloody Mary","Bloody Mary","Image","Image Central","","IMS-0065"
"ADD AUTHORITY","Blue In Green","","Image","Image Central","","IMA-0072"
"ADD SERIES","Blue In Green","Blue In Green","Image","Image Central","","IMS-0066"
"ADD AUTHORITY","Body Bags","","Image","Image Central","","IMA-0073"
"ADD SERIES","Body Bags","Body Bags","Image","Image Central","","IMS-0067"
"ADD AUTHORITY","Bolero","","Image","Image Central","","IMA-0074"
"ADD SERIES","Bolero","Bolero","Image","Image Central","","IMS-0068"
"ADD AUTHORITY","Bomb Queen","","Image","Shadowline","","IMA-0075"
"REPAIR SERIES","Bomb Queen","Bomb Queen","Image","Shadowline","","SER-01123"
"ADD AUTHORITY","Bone Orchard","","Image","Image Central","","IMA-0076"
"ADD SERIES","Bone Orchard","Bone Orchard","Image","Image Central","","IMS-0069"
"ADD AUTHORITY","Bonehead","","Image","Top Cow Productions","","IMA-0077"
"ADD SERIES","Bonehead","Bonehead","Image","Top Cow Productions","","IMS-0070"
"ADD AUTHORITY","Brigade","","Image","Extreme Studios / Awesome Comics","","IMA-0078"
"ADD SERIES","Brigade","Brigade","Image","Extreme Studios / Awesome Comics","","IMS-0071"
"ADD AUTHORITY","Brit","","Image","Image Central","","IMA-0079"
"ADD SERIES","Brit","Brit","Image","Image Central","","IMS-0072"
"ADD AUTHORITY","Bubblegum Girl","","Image","Image Central","","IMA-0080"
"ADD SERIES","Bubblegum Girl","Bubblegum Girl","Image","Image Central","","IMS-0073"
"ADD AUTHORITY","Bug Wars","","Image","Image Central","","IMA-0081"
"ADD SERIES","Bug Wars","Bug Wars","Image","Image Central","","IMS-0074"
"ADD AUTHORITY","Bully Wars","","Image","Image Central","","IMA-0082"
"ADD SERIES","Bully Wars","Bully Wars","Image","Image Central","","IMS-0075"
"ADD AUTHORITY","Bushido","","Image","Image Central","","IMA-0083"
"ADD SERIES","Bushido","Bushido","Image","Image Central","","IMS-0076"
"ADD AUTHORITY","Butcher Baker, The Righteous Maker","","Image","Image Central","","IMA-0084"
"ADD SERIES","Butcher Baker, The Righteous Maker","Butcher Baker, The Righteous Maker","Image","Image Central","","IMS-0077"
"ADD AUTHORITY","Buzzkill","","Image","Image Central","","IMA-0085"
"ADD SERIES","Buzzkill","Buzzkill","Image","Image Central","","IMS-0078"
"ADD AUTHORITY","By Chance Or Providence","","Image","Image Central","","IMA-0086"
"ADD SERIES","By Chance Or Providence","By Chance Or Providence","Image","Image Central","","IMS-0079"
"ADD AUTHORITY","C.O.W.L.","","Image","Image Central","","IMA-0087"
"REPAIR SERIES","C.O.W.L.","C.O.W.L.","Image","Image Central","","SER-01124"
"ADD SERIES","C.O.W.L.","C.O.W.L. 1964","Image","Image Central","","IMS-0080"
"REPAIR SERIES","Casanova","Casanova","Image","Image Central","","SER-01125"
"ADD AUTHORITY","Cemetery Beach","","Image","Image Central","","IMA-0088"
"ADD SERIES","Cemetery Beach","Cemetery Beach","Image","Image Central","","IMS-0081"
"ADD AUTHORITY","CHACHU","","Image","Image Central","","IMA-0089"
"ADD SERIES","CHACHU","CHACHU","Image","Image Central","","IMS-0082"
"REPAIR SERIES","Chew","Chew","Image","Image Central","","SER-00160"
"ADD AUTHORITY","Chronicles of Hate","","Image","Image Central","","IMA-0090"
"ADD SERIES","Chronicles of Hate","Chronicles of Hate","Image","Image Central","","IMS-0083"
"ADD AUTHORITY","Chrononauts","","Image","Millarworld","","IMA-0091"
"REPAIR SERIES","Chrononauts","Chrononauts","Image","Millarworld","","SER-01126"
"ADD AUTHORITY","Chu","","Image","Image Central","","IMA-0092"
"REPAIR SERIES","Chu","Chu","Image","Image Central","","SER-01127"
"ADD AUTHORITY","Cla$$war","","Image","Image Central","","IMA-0093"
"ADD SERIES","Cla$$war","Cla$$war","Image","Image Central","","IMS-0084"
"ADD SERIES","The Walking Dead","Clementine","Image","Skybound","","IMS-0085"
"ADD AUTHORITY","Clone","","Image","Skybound","","IMA-0094"
"ADD SERIES","Clone","Clone","Image","Skybound","","IMS-0086"
"ADD AUTHORITY","Coffin Bound","","Image","Image Central","","IMA-0095"
"ADD SERIES","Coffin Bound","Coffin Bound","Image","Image Central","","IMS-0087"
"ADD AUTHORITY","Cold Spots","","Image","Image Central","","IMA-0096"
"ADD SERIES","Cold Spots","Cold Spots","Image","Image Central","","IMS-0088"
"ADD AUTHORITY","Comeback","","Image","Image Central","","IMA-0097"
"ADD SERIES","Comeback","Comeback","Image","Image Central","","IMS-0089"
"REPAIR SERIES","Copperhead","Copperhead","Image","Image Central","","SER-00174"
"ADD AUTHORITY","Copra","","Image","Image Central","","IMA-0098"
"ADD SERIES","Copra","Copra","Image","Image Central","","IMS-0090"
"ADD AUTHORITY","COSMIC DETECTIVE","","Image","Image Central","","IMA-0099"
"ADD SERIES","COSMIC DETECTIVE","COSMIC DETECTIVE","Image","Image Central","","IMS-0091"
"ADD AUTHORITY","Cover Girls","","Image","Image Central","","IMA-0100"
"ADD SERIES","Cover Girls","Cover Girls","Image","Image Central","","IMS-0092"
"ADD AUTHORITY","Cowboy Ninja Viking","","Image","Image Central","","IMA-0101"
"ADD SERIES","Cowboy Ninja Viking","Cowboy Ninja Viking","Image","Image Central","","IMS-0093"
"ADD AUTHORITY","Coyotes","","Image","Image Central","","IMA-0102"
"ADD SERIES","Coyotes","Coyotes","Image","Image Central","","IMS-0094"
"ADD AUTHORITY","Crave","","Image","Image Central","","IMA-0103"
"ADD SERIES","Crave","Crave","Image","Image Central","","IMS-0095"
"ADD AUTHORITY","Crawl Space","","Image","Image Central","","IMA-0104"
"ADD SERIES","Crawl Space","Crawl Space","Image","Image Central","","IMS-0096"
"ADD AUTHORITY","Creepshow","","Image","Skybound","","IMA-0105"
"ADD SERIES","Creepshow","Creepshow","Image","Skybound","","IMS-0097"
"REPAIR SERIES","Criminal","Criminal","Image","Image Central","","SER-00175"
"REPAIR SERIES","Crossover","Crossover","Image","Image Central","","SER-00177"
"ADD AUTHORITY","Crowded","","Image","Image Central","","IMA-0106"
"REPAIR SERIES","Crowded","Crowded","Image","Image Central","","SER-01128"
"ADD AUTHORITY","Crude","","Image","Image Central","","IMA-0107"
"ADD SERIES","Crude","Crude","Image","Image Central","","IMS-0098"
"ADD SERIES","Criminal","Cruel Summer","Image","Image Central","","IMS-0099"
"REPAIR SERIES","Curse Words","Curse Words","Image","Image Central","","SER-00178"
"ADD AUTHORITY","Cutter","","Image","Image Central","","IMA-0108"
"ADD SERIES","Cutter","Cutter","Image","Image Central","","IMS-0100"
"REPAIR SERIES","Cyberforce","Cyberforce","Image","Top Cow Productions","","SER-00179"
"ADD AUTHORITY","D'ORC","","Image","Image Central","","IMA-0109"
"ADD SERIES","D'ORC","D'ORC","Image","Image Central","","IMS-0101"
"ADD AUTHORITY","Dandelion","","Image","Image Central","","IMA-0110"
"ADD SERIES","Dandelion","Dandelion","Image","Image Central","","IMS-0102"
"ADD AUTHORITY","Dante","","Image","Image Central","","IMA-0111"
"ADD SERIES","Dante","Dante","Image","Image Central","","IMS-0103"
"ADD AUTHORITY","Dark Ride","","Image","Skybound","","IMA-0112"
"REPAIR SERIES","Dark Ride","Dark Ride","Image","Skybound","","SER-01129"
"ADD SERIES","The Darkness","Darkness Accursed","Image","Top Cow Productions","","IMS-0104"
"ADD AUTHORITY","Dead Body Road","","Image","Skybound","","IMA-0113"
"ADD SERIES","Dead Body Road","Dead Body Road","Image","Skybound","","IMS-0105"
"ADD AUTHORITY","Dead Eyes","","Image","Image Central","","IMA-0114"
"ADD SERIES","Dead Eyes","Dead Eyes","Image","Image Central","","IMS-0106"
"ADD AUTHORITY","Dead Rabbit","","Image","Image Central","","IMA-0115"
"ADD SERIES","Dead Rabbit","Dead Rabbit","Image","Image Central","","IMS-0107"
"ADD AUTHORITY","Dead Romans","","Image","Image Central","","IMA-0116"
"ADD SERIES","Dead Romans","Dead Romans","Image","Image Central","","IMS-0108"
"ADD AUTHORITY","Deadliest Bouquet","","Image","Image Central","","IMA-0117"
"ADD SERIES","Deadliest Bouquet","Deadliest Bouquet","Image","Image Central","","IMS-0109"
"REPAIR SERIES","Deadly Class","Deadly Class","Image","Image Central","","SER-00195"
"ADD SERIES","Spawn","Deadly Tales Of The Gunslinger Spawn","Image","Todd McFarlane Productions / Spawn Universe","","IMS-0110"
"ADD AUTHORITY","Death Fight Forever","","Image","Image Central","","IMA-0118"
"ADD SERIES","Death Fight Forever","Death Fight Forever","Image","Image Central","","IMS-0111"
"ADD AUTHORITY","Death Or Glory","","Image","Image Central","","IMA-0119"
"ADD SERIES","Death Or Glory","Death Or Glory","Image","Image Central","","IMS-0112"
"ADD AUTHORITY","Death to Pachuco","","Image","Image Central","","IMA-0120"
"ADD SERIES","Death to Pachuco","Death to Pachuco","Image","Image Central","","IMS-0113"
"ADD AUTHORITY","Death Vigil","","Image","Image Central","","IMA-0121"
"ADD SERIES","Death Vigil","Death Vigil","Image","Image Central","","IMS-0114"
"ADD AUTHORITY","Debris","","Image","Image Central","","IMA-0122"
"ADD SERIES","Debris","Debris","Image","Image Central","","IMS-0115"
"ADD AUTHORITY","Decorum","","Image","Image Central","","IMA-0123"
"ADD SERIES","Decorum","Decorum","Image","Image Central","","IMS-0116"
"ADD AUTHORITY","Deep Cuts","","Image","Image Central","","IMA-0124"
"ADD SERIES","Deep Cuts","Deep Cuts","Image","Image Central","","IMS-0117"
"ADD AUTHORITY","Demonic","","Image","Skybound","","IMA-0125"
"ADD SERIES","Demonic","Demonic","Image","Skybound","","IMS-0118"
"REPAIR SERIES","Descender","Descender","Image","Image Central","","SER-00205"
"ADD AUTHORITY","DESTINY GATE","","Image","Image Central","","IMA-0126"
"ADD SERIES","DESTINY GATE","DESTINY GATE","Image","Image Central","","IMS-0119"
"ADD AUTHORITY","Destroy All Monsters","","Image","Image Central","","IMA-0127"
"ADD SERIES","Destroy All Monsters","Destroy All Monsters","Image","Image Central","","IMS-0120"
"REPAIR SERIES","Die","Die","Image","Image Central","","SER-00207"
"ADD AUTHORITY","Die!Die!Die!","","Image","Skybound","","IMA-0128"
"ADD SERIES","Die!Die!Die!","Die!Die!Die!","Image","Skybound","","IMS-0121"
"ADD AUTHORITY","Dissonance","","Image","Image Central","","IMA-0129"
"ADD SERIES","Dissonance","Dissonance","Image","Image Central","","IMS-0122"
"ADD AUTHORITY","Do a Powerbomb","","Image","Image Central","","IMA-0130"
"REPAIR SERIES","Do a Powerbomb","Do a Powerbomb","Image","Image Central","","SER-01130"
"ADD AUTHORITY","Double D","","Image","Image Central","","IMA-0131"
"ADD SERIES","Double D","Double D","Image","Image Central","","IMS-0123"
"ADD AUTHORITY","Dr. Atomic","","Image","Image Central","","IMA-0132"
"ADD SERIES","Dr. Atomic","Dr. Atomic","Image","Image Central","","IMS-0124"
"ADD AUTHORITY","Dracula, Motherf**ker","","Image","Image Central","","IMA-0133"
"ADD SERIES","Dracula, Motherf**ker","Dracula, Motherf**ker","Image","Image Central","","IMS-0125"
"ADD AUTHORITY","Drawing Blood","","Image","Image Central","","IMA-0134"
"ADD SERIES","Drawing Blood","Drawing Blood","Image","Image Central","","IMS-0126"
"ADD AUTHORITY","Dread The Hall H","","Image","Image Central","","IMA-0135"
"ADD SERIES","Dread The Hall H","Dread The Hall H","Image","Image Central","","IMS-0127"
"ADD AUTHORITY","Dream Police","","Image","Image Central","","IMA-0136"
"ADD SERIES","Dream Police","Dream Police","Image","Image Central","","IMS-0128"
"ADD AUTHORITY","Dust to Dust","","Image","Image Central","","IMA-0137"
"ADD SERIES","Dust to Dust","Dust to Dust","Image","Image Central","","IMS-0129"
"ADD AUTHORITY","Dutch","","Image","Image Central","","IMA-0138"
"ADD SERIES","Dutch","Dutch","Image","Image Central","","IMS-0130"
"REPAIR SERIES","East of West","East of West","Image","Image Central","","SER-00239"
"ADD AUTHORITY","Echoes","","Image","Image Central","","IMA-0139"
"ADD SERIES","Echoes","Echoes","Image","Image Central","","IMS-0131"
"ADD AUTHORITY","Echolands","","Image","Image Central","","IMA-0140"
"ADD SERIES","Echolands","Echolands","Image","Image Central","","IMS-0132"
"ADD AUTHORITY","Eclipse","","Image","Top Cow Productions","","IMA-0141"
"ADD SERIES","Eclipse","Eclipse","Image","Top Cow Productions","","IMS-0133"
"ADD AUTHORITY","EDENWOOD","","Image","Image Central","","IMA-0142"
"ADD SERIES","EDENWOOD","EDENWOOD","Image","Image Central","","IMS-0134"
"ADD AUTHORITY","Eight Billion Genies","","Image","Image Central","","IMA-0143"
"REPAIR SERIES","Eight Billion Genies","Eight Billion Genies","Image","Image Central","","SER-01131"
"ADD AUTHORITY","Elsewhere","","Image","Image Central","","IMA-0144"
"ADD SERIES","Elsewhere","Elsewhere","Image","Image Central","","IMS-0135"
"ADD AUTHORITY","Empty Zone","","Image","Image Central","","IMA-0145"
"ADD SERIES","Empty Zone","Empty Zone","Image","Image Central","","IMS-0136"
"ADD AUTHORITY","Energon Universe","","Image","Skybound / Energon Universe","","IMA-0146"
"ADD SERIES","Energon Universe","Energon Universe","Image","Skybound / Energon Universe","","IMS-0137"
"ADD AUTHORITY","Epoch","","Image","Image Central","","IMA-0147"
"ADD SERIES","Epoch","Epoch","Image","Image Central","","IMS-0138"
"ADD AUTHORITY","Errand Boys","","Image","Image Central","","IMA-0148"
"ADD SERIES","Errand Boys","Errand Boys","Image","Image Central","","IMS-0139"
"ADD AUTHORITY","Escape","","Image","Image Central","","IMA-0149"
"ADD SERIES","Escape","Escape","Image","Image Central","","IMS-0140"
"ADD AUTHORITY","Eternal Empire","","Image","Image Central","","IMA-0150"
"ADD SERIES","Eternal Empire","Eternal Empire","Image","Image Central","","IMS-0141"
"ADD AUTHORITY","Everyday Hero Machine Boy","","Image","Skybound","","IMA-0151"
"ADD SERIES","Everyday Hero Machine Boy","Everyday Hero Machine Boy","Image","Skybound","","IMS-0142"
"ADD AUTHORITY","Everything Dead & Dying","","Image","Image Central","","IMA-0152"
"ADD SERIES","Everything Dead & Dying","Everything Dead & Dying","Image","Image Central","","IMS-0143"
"ADD AUTHORITY","Evolution","","Image","Skybound","","IMA-0153"
"ADD SERIES","Evolution","Evolution","Image","Skybound","","IMS-0144"
"ADD AUTHORITY","Excellence","","Image","Skybound","","IMA-0154"
"ADD SERIES","Excellence","Excellence","Image","Skybound","","IMS-0145"
"ADD AUTHORITY","Exquisite Corpses","","Image","Image Central","","IMA-0155"
"ADD SERIES","Exquisite Corpses","Exquisite Corpses","Image","Image Central","","IMS-0146"
"REPAIR SERIES","Extremity","Extremity","Image","Image Central","","SER-00264"
"ADD AUTHORITY","Falling In Love On The Path To Hell","","Image","Image Central","","IMA-0156"
"ADD SERIES","Falling In Love On The Path To Hell","Falling In Love On The Path To Hell","Image","Image Central","","IMS-0147"
"ADD AUTHORITY","Family Tree","","Image","Image Central","","IMA-0157"
"ADD SERIES","Family Tree","Family Tree","Image","Image Central","","IMS-0148"
"ADD AUTHORITY","Farmhand","","Image","Image Central","","IMA-0158"
"REPAIR SERIES","Farmhand","Farmhand","Image","Image Central","","SER-01132"
"ADD AUTHORITY","Faster Than Light","","Image","Image Central","","IMA-0159"
"ADD SERIES","Faster Than Light","Faster Than Light","Image","Image Central","","IMS-0149"
"REPAIR SERIES","Fatale","Fatale","Image","Image Central","","SER-00273"
"REPAIR SERIES","Fear Agent","Fear Agent","Image","Image Central","","SER-01133"
"ADD AUTHORITY","Fell","","Image","Image Central","","IMA-0160"
"ADD SERIES","Fell","Fell","Image","Image Central","","IMS-0150"
"ADD AUTHORITY","Feral","","Image","Image Central","","IMA-0161"
"ADD SERIES","Feral","Feral","Image","Image Central","","IMS-0151"
"ADD AUTHORITY","Final Boss","","Image","Image Central","","IMA-0162"
"ADD SERIES","Final Boss","Final Boss","Image","Image Central","","IMS-0152"
"ADD AUTHORITY","Fine Print","","Image","Image Central","","IMA-0163"
"ADD SERIES","Fine Print","Fine Print","Image","Image Central","","IMS-0153"
"ADD AUTHORITY","Fire Power","","Image","Skybound","","IMA-0164"
"REPAIR SERIES","Fire Power","Fire Power","Image","Skybound","","SER-01134"
"ADD AUTHORITY","FIREBORN","","Image","Image Central","","IMA-0165"
"ADD SERIES","FIREBORN","FIREBORN","Image","Image Central","","IMS-0154"
"ADD AUTHORITY","First Knife","","Image","Image Central","","IMA-0166"
"ADD SERIES","First Knife","First Knife","Image","Image Central","","IMS-0155"
"ADD AUTHORITY","FISHFLIES","","Image","Image Central","","IMA-0167"
"ADD SERIES","FISHFLIES","FISHFLIES","Image","Image Central","","IMS-0156"
"ADD AUTHORITY","Five Fists of Science","","Image","Image Central","","IMA-0168"
"ADD SERIES","Five Fists of Science","Five Fists of Science","Image","Image Central","","IMS-0157"
"ADD AUTHORITY","Five Weapons","","Image","Shadowline","","IMA-0169"
"ADD SERIES","Five Weapons","Five Weapons","Image","Shadowline","","IMS-0158"
"ADD AUTHORITY","Free Planet","","Image","Image Central","","IMA-0170"
"ADD SERIES","Free Planet","Free Planet","Image","Image Central","","IMS-0159"
"ADD AUTHORITY","Friday","","Image","Image Central","","IMA-0171"
"ADD SERIES","Friday","Friday","Image","Image Central","","IMS-0160"
"ADD AUTHORITY","Frontiersman","","Image","Image Central","","IMA-0172"
"ADD SERIES","Frontiersman","Frontiersman","Image","Image Central","","IMS-0161"
"ADD SERIES","G.I. Joe","G.I. Joe","Image","Skybound / Energon Universe","","IMS-0162"
"ADD SERIES","G.I. Joe","G.I. Joe A Real American Hero","Image","Skybound / Energon Universe","","IMS-0163"
"ADD AUTHORITY","Gasolina","","Image","Skybound","","IMA-0173"
"ADD SERIES","Gasolina","Gasolina","Image","Skybound","","IMS-0164"
"ADD AUTHORITY","Gehenna Naked Aggression","","Image","Image Central","","IMA-0174"
"ADD SERIES","Gehenna Naked Aggression","Gehenna Naked Aggression","Image","Image Central","","IMS-0165"
"ADD AUTHORITY","Geiger","","Image","Ghost Machine","","IMA-0175"
"REPAIR SERIES","Geiger","Geiger","Image","Ghost Machine","","SER-01135"
"REPAIR SERIES","Geiger","Geiger","Image","Ghost Machine","2024","SER-01135"
"ADD AUTHORITY","Genius","","Image","Top Cow Productions","","IMA-0176"
"ADD SERIES","Genius","Genius","Image","Top Cow Productions","","IMS-0166"
"ADD AUTHORITY","Ghost Cage","","Image","Image Central","","IMA-0177"
"ADD SERIES","Ghost Cage","Ghost Cage","Image","Image Central","","IMS-0167"
"ADD AUTHORITY","GHOST MACHINE","","Image","Ghost Machine","","IMA-0178"
"ADD SERIES","GHOST MACHINE","GHOST MACHINE","Image","Ghost Machine","","IMS-0168"
"ADD AUTHORITY","Ghost Pepper","","Image","Image Central","","IMA-0179"
"ADD SERIES","Ghost Pepper","Ghost Pepper","Image","Image Central","","IMS-0169"
"ADD AUTHORITY","Ghosted","","Image","Skybound","","IMA-0180"
"ADD SERIES","Ghosted","Ghosted","Image","Skybound","","IMS-0170"
"REPAIR SERIES","Gideon Falls","Gideon Falls","Image","Image Central","","SER-00304"
"ADD AUTHORITY","Glory","","Image","Extreme Studios / Awesome Comics","","IMA-0181"
"ADD SERIES","Glory","Glory","Image","Extreme Studios / Awesome Comics","","IMS-0171"
"ADD AUTHORITY","God Complex: Dogma","","Image","Top Cow Productions","","IMA-0182"
"ADD SERIES","God Complex: Dogma","God Complex: Dogma","Image","Top Cow Productions","","IMS-0172"
"ADD AUTHORITY","God Country","","Image","Image Central","","IMA-0183"
"REPAIR SERIES","God Country","God Country","Image","Image Central","","SER-01136"
"ADD AUTHORITY","God Hates Astronauts","","Image","Image Central","","IMA-0184"
"ADD SERIES","God Hates Astronauts","God Hates Astronauts","Image","Image Central","","IMS-0173"
"ADD AUTHORITY","Golden Rage","","Image","Image Central","","IMA-0185"
"ADD SERIES","Golden Rage","Golden Rage","Image","Image Central","","IMS-0174"
"ADD SERIES","Golden Rage","Golden Rage: Mother Knows Best","Image","Image Central","","IMS-0175"
"ADD AUTHORITY","Golgotha","","Image","Image Central","","IMA-0186"
"ADD SERIES","Golgotha","Golgotha","Image","Image Central","","IMS-0176"
"ADD AUTHORITY","Gospel","","Image","Image Central","","IMA-0187"
"ADD SERIES","Gospel","Gospel","Image","Image Central","","IMS-0177"
"ADD AUTHORITY","Green Valley","","Image","Image Central","","IMA-0188"
"ADD SERIES","Green Valley","Green Valley","Image","Image Central","","IMS-0178"
"ADD AUTHORITY","Green Wake","","Image","Shadowline","","IMA-0189"
"ADD SERIES","Green Wake","Green Wake","Image","Shadowline","","IMS-0179"
"ADD AUTHORITY","Grip Of The Kombinat","","Image","Image Central","","IMA-0190"
"ADD SERIES","Grip Of The Kombinat","Grip Of The Kombinat","Image","Image Central","","IMS-0180"
"ADD AUTHORITY","Griz Grobus","","Image","Image Central","","IMA-0191"
"ADD SERIES","Griz Grobus","Griz Grobus","Image","Image Central","","IMS-0181"
"ADD AUTHORITY","Grizzlyshark","","Image","Image Central","","IMA-0192"
"ADD SERIES","Grizzlyshark","Grizzlyshark","Image","Image Central","","IMS-0182"
"ADD AUTHORITY","grommets","","Image","Image Central","","IMA-0193"
"ADD SERIES","grommets","grommets","Image","Image Central","","IMS-0183"
"ADD AUTHORITY","Guarding the Globe","","Image","Image Central","","IMA-0194"
"ADD SERIES","Guarding the Globe","Guarding the Globe","Image","Image Central","","IMS-0184"
"REPAIR SERIES","Spawn","Gunslinger Spawn","Image","Todd McFarlane Productions / Spawn Universe","","SER-01137"
"ADD AUTHORITY","Habitat","","Image","Image Central","","IMA-0195"
"ADD SERIES","Habitat","Habitat","Image","Image Central","","IMS-0185"
"ADD SERIES","Hack/Slash","Hack/Slash","Image","Image Central","","IMS-0186"
"ADD AUTHORITY","Hadrian's Wall","","Image","Image Central","","IMA-0196"
"ADD SERIES","Hadrian's Wall","Hadrian's Wall","Image","Image Central","","IMS-0187"
"ADD AUTHORITY","Haha","","Image","Image Central","","IMA-0197"
"ADD SERIES","Haha","Haha","Image","Image Central","","IMS-0188"
"ADD AUTHORITY","Halloween Party","","Image","Image Central","","IMA-0198"
"ADD SERIES","Halloween Party","Halloween Party","Image","Image Central","","IMS-0189"
"ADD AUTHORITY","Happy!","","Image","Image Central","","IMA-0199"
"ADD SERIES","Happy!","Happy!","Image","Image Central","","IMS-0190"
"ADD AUTHORITY","Hardcore","","Image","Skybound","","IMA-0200"
"ADD SERIES","Hardcore","Hardcore","Image","Skybound","","IMS-0191"
"ADD AUTHORITY","Haunt","","Image","Todd McFarlane Productions / Spawn Universe","","IMA-0201"
"REPAIR SERIES","Haunt","Haunt","Image","Todd McFarlane Productions / Spawn Universe","","SER-01138"
"ADD AUTHORITY","Haunt You to The End","","Image","Image Central","","IMA-0202"
"ADD SERIES","Haunt You to The End","Haunt You to The End","Image","Image Central","","IMS-0192"
"ADD AUTHORITY","HAUNTHOLOGY","","Image","Image Central","","IMA-0203"
"ADD SERIES","HAUNTHOLOGY","HAUNTHOLOGY","Image","Image Central","","IMS-0193"
"REPAIR SERIES","Head Lopper","Head Lopper","Image","Image Central","","SER-00344"
"ADD AUTHORITY","Heart Attack","","Image","Skybound","","IMA-0204"
"ADD SERIES","Heart Attack","Heart Attack","Image","Skybound","","IMS-0194"
"ADD AUTHORITY","Heavy Liquid","","Image","Image Central","","IMA-0205"
"ADD SERIES","Heavy Liquid","Heavy Liquid","Image","Image Central","","IMS-0195"
"ADD AUTHORITY","Hedra","","Image","Image Central","","IMA-0206"
"ADD SERIES","Hedra","Hedra","Image","Image Central","","IMS-0196"
"ADD AUTHORITY","Hell to Pay","","Image","Image Central","","IMA-0207"
"ADD SERIES","Hell to Pay","Hell to Pay","Image","Image Central","","IMS-0197"
"ADD AUTHORITY","Hell Yeah","","Image","Image Central","","IMA-0208"
"ADD SERIES","Hell Yeah","Hell Yeah","Image","Image Central","","IMS-0198"
"ADD AUTHORITY","Hellcop","","Image","Image Central","","IMA-0209"
"ADD SERIES","Hellcop","Hellcop","Image","Image Central","","IMS-0199"
"ADD AUTHORITY","Helm Greycastle","","Image","Image Central","","IMA-0210"
"ADD SERIES","Helm Greycastle","Helm Greycastle","Image","Image Central","","IMS-0200"
"ADD AUTHORITY","Hexagon Bridge","","Image","Image Central","","IMA-0211"
"ADD SERIES","Hexagon Bridge","Hexagon Bridge","Image","Image Central","","IMS-0201"
"ADD AUTHORITY","HEXWARE","","Image","Image Central","","IMA-0212"
"ADD SERIES","HEXWARE","HEXWARE","Image","Image Central","","IMS-0202"
"ADD AUTHORITY","Hey Kids! Comics!","","Image","Image Central","","IMA-0213"
"ADD SERIES","Hey Kids! Comics!","Hey Kids! Comics!","Image","Image Central","","IMS-0203"
"ADD AUTHORITY","Hinges","","Image","Image Central","","IMA-0214"
"ADD SERIES","Hinges","Hinges","Image","Image Central","","IMS-0204"
"ADD AUTHORITY","Hit-Girl","","Image","Millarworld","","IMA-0215"
"ADD SERIES","Hit-Girl","Hit-Girl","Image","Millarworld","","IMS-0205"
"ADD AUTHORITY","Hitomi","","Image","Image Central","","IMA-0216"
"ADD SERIES","Hitomi","Hitomi","Image","Image Central","","IMS-0206"
"ADD AUTHORITY","Home","","Image","Image Central","","IMA-0217"
"ADD SERIES","Home","Home","Image","Image Central","","IMS-0207"
"ADD AUTHORITY","Home Sick Pilots","","Image","Image Central","","IMA-0218"
"ADD SERIES","Home Sick Pilots","Home Sick Pilots","Image","Image Central","","IMS-0208"
"ADD AUTHORITY","Horizon","","Image","Skybound","","IMA-0219"
"ADD SERIES","Horizon","Horizon","Image","Skybound","","IMS-0209"
"ADD AUTHORITY","Hornsby & Halo","","Image","Ghost Machine","","IMA-0220"
"ADD SERIES","Hornsby & Halo","Hornsby & Halo","Image","Ghost Machine","","IMS-0210"
"ADD AUTHORITY","Houses of The Unholy","","Image","Image Central","","IMA-0221"
"ADD SERIES","Houses of The Unholy","Houses of The Unholy","Image","Image Central","","IMS-0211"
"ADD AUTHORITY","Howtoons","","Image","Image Central","","IMA-0222"
"ADD SERIES","Howtoons","Howtoons","Image","Image Central","","IMS-0212"
"ADD AUTHORITY","Huck","","Image","Millarworld","","IMA-0223"
"ADD SERIES","Huck","Huck","Image","Millarworld","","IMS-0213"
"ADD AUTHORITY","Hyde Street","","Image","Ghost Machine","","IMA-0224"
"REPAIR SERIES","Hyde Street","Hyde Street","Image","Ghost Machine","","SER-01185"
"ADD AUTHORITY","I Hate Fairyland","","Image","Image Central","","IMA-0225"
"REPAIR SERIES","I Hate Fairyland","I Hate Fairyland","Image","Image Central","","SER-01139"
"REPAIR SERIES","I Hate Fairyland","I Hate Fairyland","Image","Image Central","2022","SER-01139"
"ADD AUTHORITY","I Hate This Place","","Image","Skybound","","IMA-0226"
"ADD SERIES","I Hate This Place","I Hate This Place","Image","Skybound","","IMS-0214"
"ADD AUTHORITY","I Kill Giants","","Image","Image Central","","IMA-0227"
"ADD SERIES","I Kill Giants","I Kill Giants","Image","Image Central","","IMS-0215"
"ADD SERIES","Spawn","I Saw Santa A Spawn Universe Christmas Story","Image","Todd McFarlane Productions / Spawn Universe","","IMS-0216"
"ADD AUTHORITY","I Was A Fashion School Serial Killer","","Image","Image Central","","IMA-0228"
"ADD SERIES","I Was A Fashion School Serial Killer","I Was A Fashion School Serial Killer","Image","Image Central","","IMS-0217"
"ADD AUTHORITY","I.D.","","Image","Image Central","","IMA-0229"
"ADD SERIES","I.D.","I.D.","Image","Image Central","","IMS-0218"
"REPAIR SERIES","Ice Cream Man","Ice Cream Man","Image","Image Central","","SER-00367"
"ADD AUTHORITY","Image Firsts Compendium","","Image","Image Central","","IMA-0230"
"ADD SERIES","Image Firsts Compendium","Image Firsts Compendium","Image","Image Central","","IMS-0219"
"ADD AUTHORITY","Image!","","Image","Image Central","","IMA-0231"
"ADD SERIES","Image!","Image!","Image","Image Central","","IMS-0220"
"ADD AUTHORITY","Immortal Sergeant","","Image","Image Central","","IMA-0232"
"ADD SERIES","Immortal Sergeant","Immortal Sergeant","Image","Image Central","","IMS-0221"
"ADD AUTHORITY","Impact Winter","","Image","Skybound","","IMA-0233"
"ADD SERIES","Impact Winter","Impact Winter","Image","Skybound","","IMS-0222"
"ADD AUTHORITY","Impaler","","Image","Top Cow Productions","","IMA-0234"
"ADD SERIES","Impaler","Impaler","Image","Top Cow Productions","","IMS-0223"
"ADD AUTHORITY","In Hell We Fight!","","Image","Image Central","","IMA-0235"
"ADD SERIES","In Hell We Fight!","In Hell We Fight!","Image","Image Central","","IMS-0224"
"ADD AUTHORITY","Indigo Children","","Image","Image Central","","IMA-0236"
"ADD SERIES","Indigo Children","Indigo Children","Image","Image Central","","IMS-0225"
"ADD AUTHORITY","Inferno Girl Red","","Image","Massive-Verse","","IMA-0237"
"ADD SERIES","Inferno Girl Red","Inferno Girl Red","Image","Massive-Verse","","IMS-0226"
"ADD AUTHORITY","Infidel","","Image","Image Central","","IMA-0238"
"REPAIR SERIES","Infidel","Infidel","Image","Image Central","","SER-01140"
"ADD AUTHORITY","Infinite Dark","","Image","Image Central","","IMA-0239"
"ADD SERIES","Infinite Dark","Infinite Dark","Image","Image Central","","IMS-0227"
"ADD AUTHORITY","Infinite Vacation","","Image","Image Central","","IMA-0240"
"ADD SERIES","Infinite Vacation","Infinite Vacation","Image","Image Central","","IMS-0228"
"REPAIR SERIES","Injection","Injection","Image","Image Central","","SER-00384"
"ADD AUTHORITY","Inkblot","","Image","Image Central","","IMA-0241"
"ADD SERIES","Inkblot","Inkblot","Image","Image Central","","IMS-0229"
"REPAIR SERIES","Invincible","Invincible","Image","Skybound","","SER-00385"
"ADD AUTHORITY","Isola","","Image","Image Central","","IMA-0242"
"REPAIR SERIES","Isola","Isola","Image","Image Central","","SER-01141"
"ADD AUTHORITY","It's Lonely at the Centre of the Earth","","Image","Image Central","","IMA-0243"
"ADD SERIES","It's Lonely at the Centre of the Earth","It's Lonely at the Centre of the Earth","Image","Image Central","","IMS-0230"
"ADD AUTHORITY","IXth Generation","","Image","Top Cow Productions","","IMA-0244"
"ADD SERIES","IXth Generation","IXth Generation","Image","Top Cow Productions","","IMS-0231"
"ADD AUTHORITY","JACK KIRBY’S STARR WARRIORS: THE ADVENTURES OF ADAM STARR AND THE SOLAR LEGION","","Image","Image Central","","IMA-0245"
"ADD SERIES","JACK KIRBY’S STARR WARRIORS: THE ADVENTURES OF ADAM STARR AND THE SOLAR LEGION","JACK KIRBY’S STARR WARRIORS: THE ADVENTURES OF ADAM STARR AND THE SOLAR LEGION","Image","Image Central","","IMS-0232"
"ADD AUTHORITY","Jan's Atomic Heart and Other Stories","","Image","Image Central","","IMA-0246"
"ADD SERIES","Jan's Atomic Heart and Other Stories","Jan's Atomic Heart and Other Stories","Image","Image Central","","IMS-0233"
"ADD AUTHORITY","Jim Lives","","Image","Image Central","","IMA-0247"
"ADD SERIES","Jim Lives","Jim Lives","Image","Image Central","","IMS-0234"
"ADD AUTHORITY","Jules Verne's: Lighthouse","","Image","Image Central","","IMA-0248"
"ADD SERIES","Jules Verne's: Lighthouse","Jules Verne's: Lighthouse","Image","Image Central","","IMS-0235"
"ADD AUTHORITY","JUNIOR BAKER THE RIGHTEOUS FAKER","","Image","Image Central","","IMA-0249"
"ADD SERIES","JUNIOR BAKER THE RIGHTEOUS FAKER","JUNIOR BAKER THE RIGHTEOUS FAKER","Image","Image Central","","IMS-0236"
"ADD AUTHORITY","Junk Rabbit","","Image","Image Central","","IMA-0250"
"ADD SERIES","Junk Rabbit","Junk Rabbit","Image","Image Central","","IMS-0237"
"ADD AUTHORITY","Junkyard Joe","","Image","Ghost Machine","","IMA-0251"
"REPAIR SERIES","Junkyard Joe","Junkyard Joe","Image","Ghost Machine","","SER-01183"
"ADD AUTHORITY","Juvenile","","Image","Image Central","","IMA-0252"
"ADD SERIES","Juvenile","Juvenile","Image","Image Central","","IMS-0238"
"ADD AUTHORITY","Kane and Able","","Image","Image Central","","IMA-0253"
"ADD SERIES","Kane and Able","Kane and Able","Image","Image Central","","IMS-0239"
"ADD AUTHORITY","Kaptara","","Image","Image Central","","IMA-0254"
"ADD SERIES","Kaptara","Kaptara","Image","Image Central","","IMS-0240"
"ADD AUTHORITY","Karmen","","Image","Image Central","","IMA-0255"
"ADD SERIES","Karmen","Karmen","Image","Image Central","","IMS-0241"
"ADD AUTHORITY","Kaya","","Image","Image Central","","IMA-0256"
"REPAIR SERIES","Kaya","Kaya","Image","Image Central","","SER-01142"
"REPAIR SERIES","Kick-Ass","Kick-Ass","Image","Millarworld","","SER-01143"
"REPAIR SERIES","Kill or Be Killed","Kill or Be Killed","Image","Image Central","","SER-00427"
"ADD AUTHORITY","Kill Six Billion Demons","","Image","Image Central","","IMA-0257"
"ADD SERIES","Kill Six Billion Demons","Kill Six Billion Demons","Image","Image Central","","IMS-0242"
"ADD AUTHORITY","Kill The Minotaur","","Image","Skybound","","IMA-0258"
"ADD SERIES","Kill The Minotaur","Kill The Minotaur","Image","Skybound","","IMS-0243"
"ADD AUTHORITY","KILL YOUR DARLINGS","","Image","Image Central","","IMA-0259"
"ADD SERIES","KILL YOUR DARLINGS","KILL YOUR DARLINGS","Image","Image Central","","IMS-0244"
"ADD AUTHORITY","Killadelphia","","Image","Image Central","","IMA-0260"
"ADD SERIES","Killadelphia","Killadelphia","Image","Image Central","","IMS-0245"
"ADD AUTHORITY","King of Spies","","Image","Millarworld","","IMA-0261"
"ADD SERIES","King of Spies","King of Spies","Image","Millarworld","","IMS-0246"
"REPAIR SERIES","Spawn","King Spawn","Image","Todd McFarlane Productions / Spawn Universe","","SER-01144"
"ADD AUTHORITY","Klik Klik Boom","","Image","Image Central","","IMA-0262"
"ADD SERIES","Klik Klik Boom","Klik Klik Boom","Image","Image Central","","IMS-0247"
"ADD AUTHORITY","Kroma By De Felici","","Image","Image Central","","IMA-0263"
"ADD SERIES","Kroma By De Felici","Kroma By De Felici","Image","Image Central","","IMS-0248"
"ADD AUTHORITY","La Mano Del Destino","","Image","Image Central","","IMA-0264"
"ADD SERIES","La Mano Del Destino","La Mano Del Destino","Image","Image Central","","IMS-0249"
"ADD AUTHORITY","La Voz De M.A.Y.O.: Tata Rambo","","Image","Image Central","","IMA-0265"
"ADD SERIES","La Voz De M.A.Y.O.: Tata Rambo","La Voz De M.A.Y.O.: Tata Rambo","Image","Image Central","","IMS-0250"
"ADD AUTHORITY","Lady Mechanika","","Image","Image Central","","IMA-0266"
"ADD SERIES","Lady Mechanika","Lady Mechanika","Image","Image Central","","IMS-0251"
"ADD AUTHORITY","Lady Pendragon","","Image","Image Central","","IMA-0267"
"ADD SERIES","Lady Pendragon","Lady Pendragon","Image","Image Central","","IMS-0252"
"ADD AUTHORITY","Lake of Fire","","Image","Image Central","","IMA-0268"
"ADD SERIES","Lake of Fire","Lake of Fire","Image","Image Central","","IMS-0253"
"ADD AUTHORITY","Last Christmas","","Image","Image Central","","IMA-0269"
"ADD SERIES","Last Christmas","Last Christmas","Image","Image Central","","IMS-0254"
"ADD AUTHORITY","Last of the Independents","","Image","Image Central","","IMA-0270"
"ADD SERIES","Last of the Independents","Last of the Independents","Image","Image Central","","IMS-0255"
"ADD AUTHORITY","Lastman","","Image","Image Central","","IMA-0271"
"ADD SERIES","Lastman","Lastman","Image","Image Central","","IMS-0256"
"ADD AUTHORITY","Lazarus","","Image","Image Central","","IMA-0272"
"REPAIR SERIES","Lazarus","Lazarus","Image","Image Central","","SER-01145"
"ADD SERIES","Lazarus","Lazarus Fallen","Image","Image Central","","IMS-0257"
"ADD AUTHORITY","Lego Ninjago","","Image","Skybound","","IMA-0273"
"ADD SERIES","Lego Ninjago","Lego Ninjago","Image","Skybound","","IMS-0258"
"ADD AUTHORITY","Leone","","Image","Image Central","","IMA-0274"
"ADD SERIES","Leone","Leone","Image","Image Central","","IMS-0259"
"ADD SERIES","Letter 44","Letter 44","Image","Image Central","","IMS-0260"
"ADD AUTHORITY","Life House","","Image","Image Central","","IMA-0275"
"ADD SERIES","Life House","Life House","Image","Image Central","","IMS-0261"
"ADD AUTHORITY","Limbo","","Image","Image Central","","IMA-0276"
"ADD SERIES","Limbo","Limbo","Image","Image Central","","IMS-0262"
"ADD AUTHORITY","Little Bird","","Image","Image Central","","IMA-0277"
"REPAIR SERIES","Little Bird","Little Bird","Image","Image Central","","SER-01146"
"ADD AUTHORITY","Little Monsters","","Image","Image Central","","IMA-0278"
"ADD SERIES","Little Monsters","Little Monsters","Image","Image Central","","IMS-0263"
"ADD AUTHORITY","Loaded Bible","","Image","Image Central","","IMA-0279"
"ADD SERIES","Loaded Bible","Loaded Bible","Image","Image Central","","IMS-0264"
"ADD AUTHORITY","Local Man","","Image","Image Central","","IMA-0280"
"REPAIR SERIES","Local Man","Local Man","Image","Image Central","","SER-01147"
"ADD AUTHORITY","Long Hot Summer","","Image","Image Central","","IMA-0281"
"ADD SERIES","Long Hot Summer","Long Hot Summer","Image","Image Central","","IMS-0265"
"ADD AUTHORITY","lore","","Image","Image Central","","IMA-0282"
"ADD SERIES","lore","lore","Image","Image Central","","IMS-0266"
"ADD AUTHORITY","Lost Fantasy","","Image","Image Central","","IMA-0283"
"ADD SERIES","Lost Fantasy","Lost Fantasy","Image","Image Central","","IMS-0267"
"ADD AUTHORITY","Love Everlasting","","Image","Image Central","","IMA-0284"
"ADD SERIES","Love Everlasting","Love Everlasting","Image","Image Central","","IMS-0268"
"ADD AUTHORITY","Lovesick","","Image","Image Central","","IMA-0285"
"ADD SERIES","Lovesick","Lovesick","Image","Image Central","","IMS-0269"
"REPAIR SERIES","Low","Low","Image","Image Central","","SER-00448"
"ADD AUTHORITY","Lucy Claire: Redemption","","Image","Image Central","","IMA-0286"
"ADD SERIES","Lucy Claire: Redemption","Lucy Claire: Redemption","Image","Image Central","","IMS-0270"
"ADD AUTHORITY","M.O.M.: Mother of Madness","","Image","Image Central","","IMA-0287"
"ADD SERIES","M.O.M.: Mother of Madness","M.O.M.: Mother of Madness","Image","Image Central","","IMS-0271"
"ADD AUTHORITY","Made In Korea","","Image","Image Central","","IMA-0288"
"ADD SERIES","Made In Korea","Made In Korea","Image","Image Central","","IMS-0272"
"ADD AUTHORITY","Madi","","Image","Image Central","","IMA-0289"
"ADD SERIES","Madi","Madi","Image","Image Central","","IMS-0273"
"ADD AUTHORITY","Maestros","","Image","Image Central","","IMA-0290"
"ADD SERIES","Maestros","Maestros","Image","Image Central","","IMS-0274"
"ADD AUTHORITY","Magdalena","","Image","Top Cow Productions","","IMA-0291"
"ADD SERIES","Magdalena","Magdalena","Image","Top Cow Productions","","IMS-0275"
"ADD AUTHORITY","Mage","","Image","Image Central","","IMA-0292"
"ADD SERIES","Mage","Mage","Image","Image Central","","IMS-0276"
"ADD AUTHORITY","Malevolent","","Image","Image Central","","IMA-0293"
"ADD SERIES","Malevolent","Malevolent","Image","Image Central","","IMS-0277"
"ADD AUTHORITY","Manifest Destiny","","Image","Skybound","","IMA-0294"
"REPAIR SERIES","Manifest Destiny","Manifest Destiny","Image","Skybound","","SER-01148"
"ADD AUTHORITY","Marineman","","Image","Image Central","","IMA-0295"
"ADD SERIES","Marineman","Marineman","Image","Image Central","","IMS-0278"
"ADD AUTHORITY","Mawrth Valliis","","Image","Image Central","","IMA-0296"
"ADD SERIES","Mawrth Valliis","Mawrth Valliis","Image","Image Central","","IMS-0279"
"ADD AUTHORITY","Me The People","","Image","Image Central","","IMA-0297"
"ADD SERIES","Me The People","Me The People","Image","Image Central","","IMS-0280"
"ADD AUTHORITY","Mechanism","","Image","Image Central","","IMA-0298"
"ADD SERIES","Mechanism","Mechanism","Image","Image Central","","IMS-0281"
"ADD SERIES","Spawn","Medieval Spawn","Image","Todd McFarlane Productions / Spawn Universe","","IMS-0282"
"ADD AUTHORITY","Memoirs of a Very Stable Genius","","Image","Image Central","","IMA-0299"
"ADD SERIES","Memoirs of a Very Stable Genius","Memoirs of a Very Stable Genius","Image","Image Central","","IMS-0283"
"ADD AUTHORITY","Men of Wrath","","Image","Image Central","","IMA-0300"
"ADD SERIES","Men of Wrath","Men of Wrath","Image","Image Central","","IMS-0284"
"ADD AUTHORITY","Metal Society","","Image","Top Cow Productions","","IMA-0301"
"ADD SERIES","Metal Society","Metal Society","Image","Top Cow Productions","","IMS-0285"
"ADD AUTHORITY","Middlewest","","Image","Image Central","","IMA-0302"
"REPAIR SERIES","Middlewest","Middlewest","Image","Image Central","","SER-01149"
"ADD AUTHORITY","Midnight Nation","","Image","Image Central","","IMA-0303"
"ADD SERIES","Midnight Nation","Midnight Nation","Image","Image Central","","IMS-0286"
"ADD AUTHORITY","Ministry of Space","","Image","Image Central","","IMA-0304"
"ADD SERIES","Ministry of Space","Ministry of Space","Image","Image Central","","IMS-0287"
"ADD AUTHORITY","Mirka Andolfo's Mercy","","Image","Image Central","","IMA-0305"
"ADD SERIES","Mirka Andolfo's Mercy","Mirka Andolfo's Mercy","Image","Image Central","","IMS-0288"
"ADD AUTHORITY","Mirka Andolfo's Sweet Paprika","","Image","Image Central","","IMA-0306"
"ADD SERIES","Mirka Andolfo's Sweet Paprika","Mirka Andolfo's Sweet Paprika","Image","Image Central","","IMS-0289"
"ADD AUTHORITY","Mirror","","Image","Image Central","","IMA-0307"
"ADD SERIES","Mirror","Mirror","Image","Image Central","","IMS-0290"
"ADD AUTHORITY","Misery","","Image","Image Central","","IMA-0308"
"ADD SERIES","Misery","Misery","Image","Image Central","","IMS-0291"
"ADD AUTHORITY","Monarch","","Image","Image Central","","IMA-0309"
"ADD SERIES","Monarch","Monarch","Image","Image Central","","IMS-0292"
"ADD AUTHORITY","Monkey Meat","","Image","Image Central","","IMA-0310"
"ADD SERIES","Monkey Meat","Monkey Meat","Image","Image Central","","IMS-0293"
"ADD SERIES","Monkey Meat","Monkey Meat The Summer Batch","Image","Image Central","","IMS-0294"
"REPAIR SERIES","Monstress","Monstress","Image","Image Central","","SER-00513"
"ADD AUTHORITY","Moon Man","","Image","Image Central","","IMA-0311"
"ADD SERIES","Moon Man","Moon Man","Image","Image Central","","IMS-0295"
"ADD AUTHORITY","Moonshine","","Image","Image Central","","IMA-0312"
"ADD SERIES","Moonshine","Moonshine","Image","Image Central","","IMS-0296"
"ADD AUTHORITY","Moonstruck","","Image","Image Central","","IMA-0313"
"ADD SERIES","Moonstruck","Moonstruck","Image","Image Central","","IMS-0297"
"ADD AUTHORITY","Morning Glories","","Image","Shadowline","","IMA-0314"
"REPAIR SERIES","Morning Glories","Morning Glories","Image","Shadowline","","SER-01150"
"ADD AUTHORITY","MPH","","Image","Millarworld","","IMA-0315"
"ADD SERIES","MPH","MPH","Image","Millarworld","","IMS-0298"
"ADD AUTHORITY","Mr. Lovenstein","","Image","Image Central","","IMA-0316"
"ADD SERIES","Mr. Lovenstein","Mr. Lovenstein","Image","Image Central","","IMS-0299"
"ADD AUTHORITY","Mudman","","Image","Image Central","","IMA-0317"
"ADD SERIES","Mudman","Mudman","Image","Image Central","","IMS-0300"
"ADD AUTHORITY","Murder Falcon","","Image","Skybound","","IMA-0318"
"REPAIR SERIES","Murder Falcon","Murder Falcon","Image","Skybound","","SER-01151"
"ADD AUTHORITY","Murder Me Dead","","Image","Image Central","","IMA-0319"
"ADD SERIES","Murder Me Dead","Murder Me Dead","Image","Image Central","","IMS-0301"
"ADD SERIES","Criminal","My Heroes Have Always Been Junkies","Image","Image Central","","IMS-0302"
"REPAIR SERIES","Nailbiter","Nailbiter","Image","Image Central","","SER-00524"
"ADD AUTHORITY","Nameless","","Image","Image Central","","IMA-0320"
"ADD SERIES","Nameless","Nameless","Image","Image Central","","IMS-0303"
"ADD AUTHORITY","Napalm Lullaby","","Image","Image Central","","IMA-0321"
"ADD SERIES","Napalm Lullaby","Napalm Lullaby","Image","Image Central","","IMS-0304"
"ADD AUTHORITY","NARCO","","Image","Image Central","","IMA-0322"
"ADD SERIES","NARCO","NARCO","Image","Image Central","","IMS-0305"
"ADD SERIES","Nemesis","Nemesis","Image","Millarworld","","IMS-0306"
"ADD AUTHORITY","New Masters","","Image","Image Central","","IMA-0323"
"ADD SERIES","New Masters","New Masters","Image","Image Central","","IMS-0307"
"ADD AUTHORITY","Newburn","","Image","Image Central","","IMA-0324"
"ADD SERIES","Newburn","Newburn","Image","Image Central","","IMS-0308"
"ADD AUTHORITY","News From The Fallout","","Image","Image Central","","IMA-0325"
"ADD SERIES","News From The Fallout","News From The Fallout","Image","Image Central","","IMS-0309"
"ADD AUTHORITY","Next Issue Project","","Image","Image Central","","IMA-0326"
"ADD SERIES","Next Issue Project","Next Issue Project","Image","Image Central","","IMS-0310"
"ADD AUTHORITY","NIGHT CLUB","","Image","Millarworld","","IMA-0327"
"ADD SERIES","NIGHT CLUB","NIGHT CLUB","Image","Millarworld","","IMS-0311"
"ADD AUTHORITY","Night Fever","","Image","Image Central","","IMA-0328"
"ADD SERIES","Night Fever","Night Fever","Image","Image Central","","IMS-0312"
"ADD AUTHORITY","Night Mary","","Image","Image Central","","IMA-0329"
"ADD SERIES","Night Mary","Night Mary","Image","Image Central","","IMS-0313"
"ADD AUTHORITY","Nights","","Image","Image Central","","IMA-0330"
"ADD SERIES","Nights","NIGHTS","Image","Image Central","","IMS-0314"
"ADD AUTHORITY","Nita Hawes' Nightmare Blog","","Image","Image Central","","IMA-0331"
"ADD SERIES","Nita Hawes' Nightmare Blog","Nita Hawes' Nightmare Blog","Image","Image Central","","IMS-0315"
"ADD AUTHORITY","Nixon's Pals","","Image","Image Central","","IMA-0332"
"ADD SERIES","Nixon's Pals","Nixon's Pals","Image","Image Central","","IMS-0316"
"ADD AUTHORITY","No/One","","Image","Massive-Verse","","IMA-0333"
"ADD SERIES","No/One","No/One","Image","Massive-Verse","","IMS-0317"
"ADD AUTHORITY","Nocterra","","Image","Image Central","","IMA-0334"
"REPAIR SERIES","Nocterra","Nocterra","Image","Image Central","","SER-01152"
"ADD AUTHORITY","Normalman","","Image","Image Central","","IMA-0335"
"ADD SERIES","Normalman","Normalman","Image","Image Central","","IMS-0318"
"ADD AUTHORITY","not my bag","","Image","Image Central","","IMA-0336"
"ADD SERIES","not my bag","not my bag","Image","Image Central","","IMS-0319"
"ADD AUTHORITY","Nothing Lasts Forever","","Image","Image Central","","IMA-0337"
"ADD SERIES","Nothing Lasts Forever","Nothing Lasts Forever","Image","Image Central","","IMS-0320"
"ADD AUTHORITY","November","","Image","Image Central","","IMA-0338"
"ADD SERIES","November","November","Image","Image Central","","IMS-0321"
"REPAIR SERIES","Nowhere Men","Nowhere Men","Image","Image Central","","SER-00548"
"ADD AUTHORITY","Oblivion Song","","Image","Skybound","","IMA-0339"
"REPAIR SERIES","Oblivion Song","Oblivion Song","Image","Skybound","","SER-01153"
"ADD AUTHORITY","Octopus Pie","","Image","Image Central","","IMA-0340"
"ADD SERIES","Octopus Pie","Octopus Pie","Image","Image Central","","IMS-0322"
"ADD AUTHORITY","Oddly Normal","","Image","Image Central","","IMA-0341"
"ADD SERIES","Oddly Normal","Oddly Normal","Image","Image Central","","IMS-0323"
"REPAIR SERIES","ODY-C","ODY-C","Image","Image Central","","SER-00549"
"ADD AUTHORITY","Old Dog","","Image","Image Central","","IMA-0342"
"ADD SERIES","Old Dog","Old Dog","Image","Image Central","","IMS-0324"
"ADD AUTHORITY","Old Head OGN","","Image","Image Central","","IMA-0343"
"ADD SERIES","Old Head OGN","Old Head OGN","Image","Image Central","","IMS-0325"
"ADD AUTHORITY","Olympia","","Image","Image Central","","IMA-0344"
"ADD SERIES","Olympia","Olympia","Image","Image Central","","IMS-0326"
"ADD AUTHORITY","One Week In The Library","","Image","Image Central","","IMA-0345"
"ADD SERIES","One Week In The Library","One Week In The Library","Image","Image Central","","IMS-0327"
"ADD AUTHORITY","Onyx","","Image","Image Central","","IMA-0346"
"ADD SERIES","Onyx","Onyx","Image","Image Central","","IMS-0328"
"ADD AUTHORITY","Ophiuchus","","Image","Image Central","","IMA-0347"
"ADD SERIES","Ophiuchus","Ophiuchus","Image","Image Central","","IMS-0329"
"ADD AUTHORITY","Ordinary Gods","","Image","Image Central","","IMA-0348"
"ADD SERIES","Ordinary Gods","Ordinary Gods","Image","Image Central","","IMS-0330"
"ADD AUTHORITY","Our Bones Dust","","Image","Image Central","","IMA-0349"
"ADD SERIES","Our Bones Dust","Our Bones Dust","Image","Image Central","","IMS-0331"
"ADD AUTHORITY","Outcast by Kirkman & Azaceta","","Image","Skybound","","IMA-0350"
"ADD SERIES","Outcast by Kirkman & Azaceta","Outcast by Kirkman & Azaceta","Image","Skybound","","IMS-0332"
"ADD AUTHORITY","Outer Darkness","","Image","Skybound","","IMA-0351"
"ADD SERIES","Outer Darkness","Outer Darkness","Image","Skybound","","IMS-0333"
"ADD AUTHORITY","Outpost Zero","","Image","Skybound","","IMA-0352"
"ADD SERIES","Outpost Zero","Outpost Zero","Image","Skybound","","IMS-0334"
"ADD AUTHORITY","Paklis","","Image","Image Central","","IMA-0353"
"ADD SERIES","Paklis","Paklis","Image","Image Central","","IMS-0335"
"REPAIR SERIES","Paper Girls","Paper Girls","Image","Image Central","","SER-00556"
"ADD AUTHORITY","Paradox Girl","","Image","Image Central","","IMA-0354"
"ADD SERIES","Paradox Girl","Paradox Girl","Image","Image Central","","IMS-0336"
"ADD AUTHORITY","Paris","","Image","Image Central","","IMA-0355"
"ADD SERIES","Paris","Paris","Image","Image Central","","IMS-0337"
"ADD AUTHORITY","Paul Is Dead","","Image","Image Central","","IMA-0356"
"ADD SERIES","Paul Is Dead","Paul Is Dead","Image","Image Central","","IMS-0338"
"ADD AUTHORITY","Pax Romana","","Image","Image Central","","IMA-0357"
"ADD SERIES","Pax Romana","Pax Romana","Image","Image Central","","IMS-0339"
"ADD AUTHORITY","Peter Panzerfaust","","Image","Shadowline","","IMA-0358"
"ADD SERIES","Peter Panzerfaust","Peter Panzerfaust","Image","Shadowline","","IMS-0340"
"ADD AUTHORITY","Petrol Head","","Image","Image Central","","IMA-0359"
"ADD SERIES","Petrol Head","Petrol Head","Image","Image Central","","IMS-0341"
"ADD AUTHORITY","Phantom Road","","Image","Image Central","","IMA-0360"
"ADD SERIES","Phantom Road","Phantom Road","Image","Image Central","","IMS-0342"
"ADD AUTHORITY","PhenomX","","Image","Image Central","","IMA-0361"
"ADD SERIES","PhenomX","PhenomX","Image","Image Central","","IMS-0343"
"ADD AUTHORITY","Phonogram","","Image","Image Central","","IMA-0362"
"ADD SERIES","Phonogram","Phonogram","Image","Image Central","","IMS-0344"
"ADD AUTHORITY","Pigs","","Image","Image Central","","IMA-0363"
"ADD SERIES","Pigs","Pigs","Image","Image Central","","IMS-0345"
"ADD AUTHORITY","Planet Paradise","","Image","Image Central","","IMA-0364"
"ADD SERIES","Planet Paradise","Planet Paradise","Image","Image Central","","IMS-0346"
"ADD AUTHORITY","Plastic","","Image","Image Central","","IMA-0365"
"ADD SERIES","Plastic","Plastic","Image","Image Central","","IMS-0347"
"ADD AUTHORITY","Plush","","Image","Image Central","","IMA-0366"
"ADD SERIES","Plush","Plush","Image","Image Central","","IMS-0348"
"ADD AUTHORITY","Plutona","","Image","Image Central","","IMA-0367"
"ADD SERIES","Plutona","Plutona","Image","Image Central","","IMS-0349"
"ADD AUTHORITY","Port of Earth","","Image","Image Central","","IMA-0368"
"ADD SERIES","Port of Earth","Port of Earth","Image","Image Central","","IMS-0350"
"ADD AUTHORITY","Post Americana","","Image","Image Central","","IMA-0369"
"ADD SERIES","Post Americana","Post Americana","Image","Image Central","","IMS-0351"
"ADD AUTHORITY","Postal","","Image","Top Cow Productions","","IMA-0370"
"REPAIR SERIES","Postal","Postal","Image","Top Cow Productions","","SER-01154"
"ADD AUTHORITY","Precious Metal","","Image","Image Central","","IMA-0371"
"ADD SERIES","Precious Metal","Precious Metal","Image","Image Central","","IMS-0352"
"ADD AUTHORITY","Pretty Deadly","","Image","Image Central","","IMA-0372"
"REPAIR SERIES","Pretty Deadly","Pretty Deadly","Image","Image Central","","SER-01155"
"ADD AUTHORITY","Pride & Joy","","Image","Image Central","","IMA-0373"
"ADD SERIES","Pride & Joy","Pride & Joy","Image","Image Central","","IMS-0353"
"ADD AUTHORITY","PRIDE OF BAGHDAD","","Image","Image Central","","IMA-0374"
"ADD SERIES","PRIDE OF BAGHDAD","PRIDE OF BAGHDAD","Image","Image Central","","IMS-0354"
"ADD AUTHORITY","Primordial","","Image","Image Central","","IMA-0375"
"ADD SERIES","Primordial","Primordial","Image","Image Central","","IMS-0355"
"ADD AUTHORITY","Prince of Cats","","Image","Image Central","","IMA-0376"
"ADD SERIES","Prince of Cats","Prince of Cats","Image","Image Central","","IMS-0356"
"ADD AUTHORITY","Prodigy","","Image","Millarworld","","IMA-0377"
"ADD SERIES","Prodigy","Prodigy","Image","Millarworld","","IMS-0357"
"ADD AUTHORITY","Progeny","","Image","Top Cow Productions","","IMA-0378"
"ADD SERIES","Progeny","Progeny","Image","Top Cow Productions","","IMS-0358"
"REPAIR SERIES","Prophet","Prophet","Image","Extreme Studios / Awesome Comics","","SER-00580"
"ADD AUTHORITY","Public Domain","","Image","Image Central","","IMA-0379"
"ADD SERIES","Public Domain","Public Domain","Image","Image Central","","IMS-0359"
"ADD AUTHORITY","Pulp","","Image","Image Central","","IMA-0380"
"ADD SERIES","Pulp","Pulp","Image","Image Central","","IMS-0360"
"ADD AUTHORITY","Punderworld","","Image","Image Central","","IMA-0381"
"ADD SERIES","Punderworld","Punderworld","Image","Image Central","","IMS-0361"
"ADD AUTHORITY","PURR EVIL","","Image","Image Central","","IMA-0382"
"ADD SERIES","PURR EVIL","PURR EVIL","Image","Image Central","","IMS-0362"
"REPAIR SERIES","Radiant Black","Radiant Black","Image","Massive-Verse","","SER-00589"
"ADD SERIES","Radiant Black","Radiant Black: The Story So Far","Image","Massive-Verse","","IMS-0363"
"ADD AUTHORITY","Radiant Pink","","Image","Massive-Verse","","IMA-0383"
"REPAIR SERIES","Radiant Pink","Radiant Pink","Image","Massive-Verse","","SER-01181"
"ADD AUTHORITY","Radiant Red","","Image","Massive-Verse","","IMA-0384"
"REPAIR SERIES","Radiant Red","Radiant Red","Image","Massive-Verse","","SER-01180"
"ADD AUTHORITY","Rain","","Image","Image Central","","IMA-0385"
"ADD SERIES","Rain","Rain","Image","Image Central","","IMS-0364"
"ADD AUTHORITY","Rain Like Hammers","","Image","Image Central","","IMA-0386"
"ADD SERIES","Rain Like Hammers","Rain Like Hammers","Image","Image Central","","IMS-0365"
"ADD SERIES","Spawn","Rat City","Image","Todd McFarlane Productions / Spawn Universe","","IMS-0366"
"REPAIR SERIES","Rat Queens","Rat Queens","Image","Shadowline","","SER-00592"
"ADD AUTHORITY","Ravine","","Image","Top Cow Productions","","IMA-0387"
"ADD SERIES","Ravine","Ravine","Image","Top Cow Productions","","IMS-0367"
"ADD AUTHORITY","Razorblades","","Image","Image Central","","IMA-0388"
"ADD SERIES","Razorblades","Razorblades","Image","Image Central","","IMS-0368"
"ADD AUTHORITY","Reality Check","","Image","Image Central","","IMA-0389"
"ADD SERIES","Reality Check","Reality Check","Image","Image Central","","IMS-0369"
"ADD AUTHORITY","Reaver","","Image","Skybound","","IMA-0390"
"ADD SERIES","Reaver","Reaver","Image","Skybound","","IMS-0370"
"ADD AUTHORITY","Reborn","","Image","Millarworld","","IMA-0391"
"ADD SERIES","Reborn","Reborn","Image","Millarworld","","IMS-0371"
"ADD AUTHORITY","Reckless","","Image","Image Central","","IMA-0392"
"ADD SERIES","Reckless","Reckless","Image","Image Central","","IMS-0372"
"ADD AUTHORITY","RED ROOTS","","Image","Image Central","","IMA-0393"
"ADD SERIES","RED ROOTS","RED ROOTS","Image","Image Central","","IMS-0373"
"ADD AUTHORITY","Redcoat","","Image","Ghost Machine","","IMA-0394"
"REPAIR SERIES","Redcoat","Redcoat","Image","Ghost Machine","","SER-01184"
"ADD AUTHORITY","Redlands","","Image","Image Central","","IMA-0395"
"ADD SERIES","Redlands","Redlands","Image","Image Central","","IMS-0374"
"REPAIR SERIES","Redneck","Redneck","Image","Skybound","","SER-00599"
"ADD AUTHORITY","REGICIDE","","Image","Image Central","","IMA-0396"
"ADD SERIES","REGICIDE","REGICIDE","Image","Image Central","","IMS-0375"
"ADD AUTHORITY","Remote Space","","Image","Image Central","","IMA-0397"
"ADD SERIES","Remote Space","Remote Space","Image","Image Central","","IMS-0376"
"ADD AUTHORITY","Revival","","Image","Image Central","","IMA-0398"
"REPAIR SERIES","Revival","Revival","Image","Image Central","","SER-01156"
"ADD AUTHORITY","Revolvers","","Image","Image Central","","IMA-0399"
"ADD SERIES","Revolvers","Revolvers","Image","Image Central","","IMS-0377"
"ADD AUTHORITY","Rise of the Magi","","Image","Top Cow Productions","","IMA-0400"
"ADD SERIES","Rise of the Magi","Rise of the Magi","Image","Top Cow Productions","","IMS-0378"
"ADD AUTHORITY","Rock Bottom","","Image","Image Central","","IMA-0401"
"ADD SERIES","Rock Bottom","Rock Bottom","Image","Image Central","","IMS-0379"
"ADD AUTHORITY","Rock Candy Mountain","","Image","Image Central","","IMA-0402"
"ADD SERIES","Rock Candy Mountain","Rock Candy Mountain","Image","Image Central","","IMS-0380"
"ADD AUTHORITY","Rockstar and Softboy","","Image","Image Central","","IMA-0403"
"ADD SERIES","Rockstar and Softboy","Rockstar and Softboy","Image","Image Central","","IMS-0381"
"ADD AUTHORITY","Rogue Sun","","Image","Massive-Verse","","IMA-0404"
"REPAIR SERIES","Rogue Sun","Rogue Sun","Image","Massive-Verse","","SER-01157"
"ADD SERIES","Rogue Sun","Rogue Sun: The Story So Far","Image","Massive-Verse","","IMS-0382"
"ADD AUTHORITY","Romulus","","Image","Image Central","","IMA-0405"
"ADD SERIES","Romulus","Romulus","Image","Image Central","","IMS-0383"
"ADD AUTHORITY","Rook: Exodus","","Image","Ghost Machine","","IMA-0406"
"REPAIR SERIES","Rook: Exodus","Rook: Exodus","Image","Ghost Machine","","SER-01158"
"ADD AUTHORITY","Royal City","","Image","Image Central","","IMA-0407"
"ADD SERIES","Royal City","Royal City","Image","Image Central","","IMS-0384"
"ADD AUTHORITY","Royalboiler","","Image","Image Central","","IMA-0408"
"ADD SERIES","Royalboiler","Royalboiler","Image","Image Central","","IMS-0385"
"ADD AUTHORITY","Royals","","Image","Image Central","","IMA-0409"
"ADD SERIES","Royals","Royals","Image","Image Central","","IMS-0386"
"ADD SERIES","Rumble","Rumble","Image","Image Central","","IMS-0387"
"REPAIR SERIES","Saga","Saga","Image","Image Central","","SER-00633"
"ADD AUTHORITY","Saints","","Image","Image Central","","IMA-0410"
"ADD SERIES","Saints","Saints","Image","Image Central","","IMS-0388"
"ADD SERIES","Spawn","Sam & Twitch","Image","Todd McFarlane Productions / Spawn Universe","","IMS-0389"
"ADD AUTHORITY","Samaritan","","Image","Top Cow Productions","","IMA-0411"
"ADD SERIES","Samaritan","Samaritan","Image","Top Cow Productions","","IMS-0390"
"ADD AUTHORITY","Satellite Sam","","Image","Image Central","","IMA-0412"
"ADD SERIES","Satellite Sam","Satellite Sam","Image","Image Central","","IMS-0391"
"ADD SERIES","Saucer Country","saucer country","Image","Image Central","","IMS-0392"
"REPAIR SERIES","Savage Dragon","Savage Dragon","Image","Highbrow Entertainment","","SER-00639"
"ADD AUTHORITY","Savior","","Image","Image Central","","IMA-0413"
"ADD SERIES","Savior","Savior","Image","Image Central","","IMS-0393"
"ADD AUTHORITY","scene of the crime","","Image","Image Central","","IMA-0414"
"ADD SERIES","scene of the crime","scene of the crime","Image","Image Central","","IMS-0394"
"ADD AUTHORITY","Science Dog","","Image","Skybound","","IMA-0415"
"ADD SERIES","Science Dog","Science Dog","Image","Skybound","","IMS-0395"
"ADD AUTHORITY","Scotch McTiernan Holiday Party","","Image","Image Central","","IMA-0416"
"ADD SERIES","Scotch McTiernan Holiday Party","Scotch McTiernan Holiday Party","Image","Image Central","","IMS-0396"
"ADD AUTHORITY","Scud: The Disposable Assassin","","Image","Image Central","","IMA-0417"
"REPAIR SERIES","Scud: The Disposable Assassin","Scud: The Disposable Assassin","Image","Image Central","","SER-01159"
"ADD AUTHORITY","Scurry","","Image","Image Central","","IMA-0418"
"ADD SERIES","Scurry","Scurry","Image","Image Central","","IMS-0397"
"ADD AUTHORITY","Sea of Stars","","Image","Image Central","","IMA-0419"
"ADD SERIES","Sea of Stars","Sea of Stars","Image","Image Central","","IMS-0398"
"ADD AUTHORITY","Sea Serpents Heir","","Image","Skybound","","IMA-0420"
"ADD SERIES","Sea Serpents Heir","Sea Serpents Heir","Image","Skybound","","IMS-0399"
"ADD AUTHORITY","Secret","","Image","Image Central","","IMA-0421"
"ADD SERIES","Secret","Secret","Image","Image Central","","IMS-0400"
"ADD AUTHORITY","Section Zero","","Image","Gorilla Comics","","IMA-0422"
"ADD SERIES","Section Zero","Section Zero","Image","Gorilla Comics","","IMS-0401"
"ADD AUTHORITY","Self Help","","Image","Image Central","","IMA-0423"
"ADD SERIES","Self Help","Self Help","Image","Image Central","","IMS-0402"
"ADD AUTHORITY","Self/Made","","Image","Image Central","","IMA-0424"
"ADD SERIES","Self/Made","Self/Made","Image","Image Central","","IMS-0403"
"ADD AUTHORITY","September Mourning","","Image","Image Central","","IMA-0425"
"ADD SERIES","September Mourning","September Mourning","Image","Image Central","","IMS-0404"
"ADD AUTHORITY","Seven Sons","","Image","Image Central","","IMA-0426"
"ADD SERIES","Seven Sons","Seven Sons","Image","Image Central","","IMS-0405"
"ADD AUTHORITY","Seven to Eternity","","Image","Image Central","","IMA-0427"
"REPAIR SERIES","Seven to Eternity","Seven to Eternity","Image","Image Central","","SER-01160"
"ADD AUTHORITY","Severed","","Image","Image Central","","IMA-0428"
"ADD SERIES","Severed","Severed","Image","Image Central","","IMS-0406"
"ADD AUTHORITY","Sex","","Image","Image Central","","IMA-0429"
"ADD SERIES","Sex","Sex","Image","Image Central","","IMS-0407"
"REPAIR SERIES","Sex Criminals","Sex Criminals","Image","Image Central","","SER-00653"
"ADD AUTHORITY","Sexcastle","","Image","Image Central","","IMA-0430"
"ADD SERIES","Sexcastle","Sexcastle","Image","Image Central","","IMS-0408"
"ADD AUTHORITY","SFSX (Safe Sex)","","Image","Image Central","","IMA-0431"
"ADD SERIES","SFSX (Safe Sex)","SFSX (Safe Sex)","Image","Image Central","","IMS-0409"
"ADD AUTHORITY","Shadecraft","","Image","Image Central","","IMA-0432"
"ADD SERIES","Shadecraft","Shadecraft","Image","Image Central","","IMS-0410"
"REPAIR SERIES","Shadowhawk","Shadowhawk","Image","Shadowline","","SER-00658"
"ADD AUTHORITY","Sharkey The Bounty Hunter","","Image","Millarworld","","IMA-0433"
"ADD SERIES","Sharkey The Bounty Hunter","Sharkey The Bounty Hunter","Image","Millarworld","","IMS-0411"
"ADD AUTHORITY","Shift","","Image","Massive-Verse","","IMA-0434"
"ADD SERIES","Shift","Shift","Image","Massive-Verse","","IMS-0412"
"ADD AUTHORITY","Shirtless Bear-Fighter!","","Image","Image Central","","IMA-0435"
"ADD SERIES","Shirtless Bear-Fighter!","Shirtless Bear-Fighter!","Image","Image Central","","IMS-0413"
"ADD AUTHORITY","Shotgun Wedding","","Image","Image Central","","IMA-0436"
"ADD SERIES","Shotgun Wedding","Shotgun Wedding","Image","Image Central","","IMS-0414"
"ADD AUTHORITY","Shutter","","Image","Image Central","","IMA-0437"
"ADD SERIES","Shutter","Shutter","Image","Image Central","","IMS-0415"
"ADD AUTHORITY","Simon Says","","Image","Image Central","","IMA-0438"
"ADD SERIES","Simon Says","Simon Says","Image","Image Central","","IMS-0416"
"ADD AUTHORITY","Sins Of The Black Flamingo","","Image","Image Central","","IMA-0439"
"ADD SERIES","Sins Of The Black Flamingo","Sins Of The Black Flamingo","Image","Image Central","","IMS-0417"
"ADD SERIES","Hyde Street","Sisterhood A Hyde Street Story","Image","Ghost Machine","","IMS-0418"
"ADD AUTHORITY","Six Sidekicks of Trigger Keaton","","Image","Image Central","","IMA-0440"
"ADD SERIES","Six Sidekicks of Trigger Keaton","Six Sidekicks of Trigger Keaton","Image","Image Central","","IMS-0419"
"ADD AUTHORITY","Skybound Presents: Afterschool","","Image","Skybound","","IMA-0441"
"ADD SERIES","Skybound Presents: Afterschool","Skybound Presents: Afterschool","Image","Skybound","","IMS-0420"
"ADD AUTHORITY","Skybound X","","Image","Skybound","","IMA-0442"
"ADD SERIES","Skybound X","Skybound X","Image","Skybound","","IMS-0421"
"ADD AUTHORITY","Skyward","","Image","Image Central","","IMA-0443"
"REPAIR SERIES","Skyward","Skyward","Image","Image Central","","SER-01161"
"ADD AUTHORITY","Slots","","Image","Skybound","","IMA-0444"
"ADD SERIES","Slots","Slots","Image","Skybound","","IMS-0422"
"ADD AUTHORITY","Slumber","","Image","Image Central","","IMA-0445"
"ADD SERIES","Slumber","Slumber","Image","Image Central","","IMS-0423"
"ADD AUTHORITY","Snotgirl","","Image","Image Central","","IMA-0446"
"REPAIR SERIES","Snotgirl","Snotgirl","Image","Image Central","","SER-01162"
"ADD AUTHORITY","Soldier Stories","","Image","Image Central","","IMA-0447"
"ADD SERIES","Soldier Stories","Soldier Stories","Image","Image Central","","IMS-0424"
"ADD AUTHORITY","Something Epic","","Image","Image Central","","IMA-0448"
"ADD SERIES","Something Epic","Something Epic","Image","Image Central","","IMS-0425"
"ADD AUTHORITY","Son of Merlin","","Image","Top Cow Productions","","IMA-0449"
"ADD SERIES","Son of Merlin","Son of Merlin","Image","Top Cow Productions","","IMS-0426"
"ADD AUTHORITY","Son of Shaolin","","Image","Image Central","","IMA-0450"
"ADD SERIES","Son of Shaolin","Son of Shaolin","Image","Image Central","","IMS-0427"
"ADD AUTHORITY","Sonata","","Image","Image Central","","IMA-0451"
"ADD SERIES","Sonata","Sonata","Image","Image Central","","IMS-0428"
"REPAIR SERIES","Southern Bastards","Southern Bastards","Image","Image Central","","SER-00684"
"ADD AUTHORITY","Space Bandits","","Image","Millarworld","","IMA-0452"
"ADD SERIES","Space Bandits","Space Bandits","Image","Millarworld","","IMS-0429"
"REPAIR SERIES","Spawn","Spawn","Image","Todd McFarlane Productions / Spawn Universe","","SER-00689"
"ADD SERIES","Spawn","Spawn Manga","Image","Todd McFarlane Productions / Spawn Universe","","IMS-0430"
"ADD SERIES","Spawn","Spawn Origins","Image","Todd McFarlane Productions / Spawn Universe","","IMS-0431"
"ADD SERIES","Spawn","Spawn: The Dark Ages","Image","Todd McFarlane Productions / Spawn Universe","2025","IMS-0432"
"ADD SERIES","Spawn","Spawn: Unwanted Violence","Image","Todd McFarlane Productions / Spawn Universe","","IMS-0433"
"ADD AUTHORITY","Spectators","","Image","Image Central","","IMA-0453"
"ADD SERIES","Spectators","Spectators","Image","Image Central","","IMS-0434"
"ADD AUTHORITY","Splitting Image","","Image","Image Central","","IMA-0454"
"ADD SERIES","Splitting Image","Splitting Image","Image","Image Central","","IMS-0435"
"ADD AUTHORITY","Spread","","Image","Image Central","","IMA-0455"
"ADD SERIES","Spread","Spread","Image","Image Central","","IMS-0436"
"ADD AUTHORITY","St. Mercy","","Image","Top Cow Productions","","IMA-0456"
"ADD SERIES","St. Mercy","St. Mercy","Image","Top Cow Productions","","IMS-0437"
"ADD AUTHORITY","Stairway","","Image","Image Central","","IMA-0457"
"ADD SERIES","Stairway","Stairway","Image","Image Central","","IMS-0438"
"ADD AUTHORITY","Starhenge","","Image","Image Central","","IMA-0458"
"ADD SERIES","Starhenge","Starhenge","Image","Image Central","","IMS-0439"
"ADD AUTHORITY","Starlight","","Image","Millarworld","","IMA-0459"
"ADD SERIES","Starlight","Starlight","Image","Millarworld","","IMS-0440"
"ADD AUTHORITY","Starve","","Image","Image Central","","IMA-0460"
"ADD SERIES","Starve","Starve","Image","Image Central","","IMS-0441"
"ADD AUTHORITY","Stealth","","Image","Skybound","","IMA-0461"
"ADD SERIES","Stealth","Stealth","Image","Skybound","","IMS-0442"
"ADD AUTHORITY","Stellar","","Image","Skybound","","IMA-0462"
"ADD SERIES","Stellar","Stellar","Image","Skybound","","IMS-0443"
"ADD AUTHORITY","Step By Bloody Step","","Image","Image Central","","IMA-0463"
"ADD SERIES","Step By Bloody Step","Step By Bloody Step","Image","Image Central","","IMS-0444"
"ADD AUTHORITY","Stillwater","","Image","Skybound","","IMA-0464"
"ADD SERIES","Stillwater","Stillwater","Image","Skybound","","IMS-0445"
"ADD AUTHORITY","Strange Girl","","Image","Image Central","","IMA-0465"
"ADD SERIES","Strange Girl","Strange Girl","Image","Image Central","","IMS-0446"
"REPAIR SERIES","Stray Bullets","Stray Bullets","Image","Image Central","","SER-00747"
"ADD AUTHORITY","Stray Dogs","","Image","Image Central","","IMA-0466"
"REPAIR SERIES","Stray Dogs","Stray Dogs","Image","Image Central","","SER-01164"
"ADD AUTHORITY","Street Angel","","Image","Image Central","","IMA-0467"
"ADD SERIES","Street Angel","Street Angel","Image","Image Central","","IMS-0447"
"ADD AUTHORITY","stringer","","Image","Image Central","","IMA-0468"
"ADD SERIES","stringer","stringer","Image","Image Central","","IMS-0448"
"ADD AUTHORITY","Suburban Glamour","","Image","Image Central","","IMA-0469"
"ADD SERIES","Suburban Glamour","Suburban Glamour","Image","Image Central","","IMS-0449"
"ADD AUTHORITY","Sugar","","Image","Image Central","","IMA-0470"
"ADD SERIES","Sugar","Sugar","Image","Image Central","","IMS-0450"
"ADD AUTHORITY","Summoner's War","","Image","Image Central","","IMA-0471"
"ADD SERIES","Summoner's War","Summoner's War","Image","Image Central","","IMS-0451"
"ADD AUTHORITY","Sunburn","","Image","Image Central","","IMA-0472"
"ADD SERIES","Sunburn","Sunburn","Image","Image Central","","IMS-0452"
"ADD AUTHORITY","Sunset","","Image","Image Central","","IMA-0473"
"ADD SERIES","Sunset","Sunset","Image","Image Central","","IMS-0453"
"ADD AUTHORITY","Sunstone","","Image","Image Central","","IMA-0474"
"ADD SERIES","Sunstone","Sunstone","Image","Image Central","","IMS-0454"
"ADD AUTHORITY","Super Dinosaur","","Image","Skybound","","IMA-0475"
"REPAIR SERIES","Super Dinosaur","Super Dinosaur","Image","Skybound","","SER-01165"
"ADD AUTHORITY","Supermassive","","Image","Massive-Verse","","IMA-0476"
"REPAIR SERIES","Supermassive","Supermassive","Image","Massive-Verse","","SER-01182"
"ADD AUTHORITY","Superstar","","Image","Gorilla Comics","","IMA-0477"
"ADD SERIES","Superstar","Superstar","Image","Gorilla Comics","","IMS-0455"
"ADD AUTHORITY","Supper Club","","Image","Image Central","","IMA-0478"
"ADD SERIES","Supper Club","Supper Club","Image","Image Central","","IMS-0456"
"ADD AUTHORITY","Supreme","","Image","Extreme Studios / Awesome Comics","","IMA-0479"
"ADD SERIES","Supreme","Supreme","Image","Extreme Studios / Awesome Comics","","IMS-0457"
"ADD AUTHORITY","SWAN SONGS","","Image","Image Central","","IMA-0480"
"ADD SERIES","SWAN SONGS","SWAN SONGS","Image","Image Central","","IMS-0458"
"ADD AUTHORITY","Swing","","Image","Image Central","","IMA-0481"
"ADD SERIES","Swing","Swing","Image","Image Central","","IMS-0459"
"ADD AUTHORITY","SWIPE","","Image","Image Central","","IMA-0482"
"ADD SERIES","SWIPE","SWIPE","Image","Image Central","","IMS-0460"
"ADD SERIES","Witchblade","Switch","Image","Top Cow Productions","","IMS-0461"
"ADD AUTHORITY","Symmetry","","Image","Top Cow Productions","","IMA-0483"
"ADD SERIES","Symmetry","Symmetry","Image","Top Cow Productions","","IMS-0462"
"ADD AUTHORITY","Syphon","","Image","Top Cow Productions","","IMA-0484"
"ADD SERIES","Syphon","Syphon","Image","Top Cow Productions","","IMS-0463"
"ADD AUTHORITY","Tales from the Con","","Image","Image Central","","IMA-0485"
"ADD SERIES","Tales from the Con","Tales from the Con","Image","Image Central","","IMS-0464"
"ADD AUTHORITY","Tales of Honor","","Image","Top Cow Productions","","IMA-0486"
"ADD SERIES","Tales of Honor","Tales of Honor","Image","Top Cow Productions","","IMS-0465"
"ADD AUTHORITY","Tales of Syzpense","","Image","Image Central","","IMA-0487"
"ADD SERIES","Tales of Syzpense","Tales of Syzpense","Image","Image Central","","IMS-0466"
"ADD AUTHORITY","Tartarus","","Image","Image Central","","IMA-0488"
"ADD SERIES","Tartarus","Tartarus","Image","Image Central","","IMS-0467"
"ADD AUTHORITY","Tech Jacket","","Image","Skybound","","IMA-0489"
"ADD SERIES","Tech Jacket","Tech Jacket","Image","Skybound","","IMS-0468"
"ADD AUTHORITY","Tech Jacket Digital","","Image","Image Central","","IMA-0490"
"ADD SERIES","Tech Jacket Digital","Tech Jacket Digital","Image","Image Central","","IMS-0469"
"ADD AUTHORITY","Term Life","","Image","Image Central","","IMA-0491"
"ADD SERIES","Term Life","Term Life","Image","Image Central","","IMS-0470"
"ADD AUTHORITY","That Texas Blood","","Image","Image Central","","IMA-0492"
"REPAIR SERIES","That Texas Blood","That Texas Blood","Image","Image Central","","SER-01166"
"ADD AUTHORITY","The Ambassadors","","Image","Millarworld","","IMA-0493"
"ADD SERIES","The Ambassadors","The Ambassadors","Image","Millarworld","","IMS-0471"
"ADD AUTHORITY","The Art of Marc Silvestri","","Image","Image Central","","IMA-0494"
"ADD SERIES","The Art of Marc Silvestri","The Art of Marc Silvestri","Image","Image Central","","IMS-0472"
"ADD AUTHORITY","The Art of Rahsan Ekedal","","Image","Image Central","","IMA-0495"
"ADD SERIES","The Art of Rahsan Ekedal","The Art of Rahsan Ekedal","Image","Image Central","","IMS-0473"
"REPAIR SERIES","The Astounding Wolf-Man","The Astounding Wolf-Man","Image","Skybound","","SER-00788"
"ADD AUTHORITY","The Author Immortal","","Image","Image Central","","IMA-0496"
"ADD SERIES","The Author Immortal","The Author Immortal","Image","Image Central","","IMS-0474"
"ADD AUTHORITY","The Autumnlands","","Image","Image Central","","IMA-0497"
"REPAIR SERIES","The Autumnlands","The Autumnlands","Image","Image Central","","SER-01167"
"ADD AUTHORITY","The Beauty","","Image","Image Central","","IMA-0498"
"REPAIR SERIES","The Beauty","The Beauty","Image","Image Central","","SER-01168"
"ADD AUTHORITY","The Black Monday Murders","","Image","Image Central","","IMA-0499"
"REPAIR SERIES","The Black Monday Murders","The Black Monday Murders","Image","Image Central","","SER-01169"
"ADD AUTHORITY","The Bloody Dozen","","Image","Image Central","","IMA-0500"
"ADD SERIES","The Bloody Dozen","The Bloody Dozen","Image","Image Central","","IMS-0475"
"ADD AUTHORITY","The Cabinet","","Image","Image Central","","IMA-0501"
"ADD SERIES","The Cabinet","The Cabinet","Image","Image Central","","IMS-0476"
"ADD AUTHORITY","The Clay People: Colossus","","Image","Image Central","","IMA-0502"
"ADD SERIES","The Clay People: Colossus","The Clay People: Colossus","Image","Image Central","","IMS-0477"
"ADD AUTHORITY","The Clock","","Image","Top Cow Productions","","IMA-0503"
"ADD SERIES","The Clock","The Clock","Image","Top Cow Productions","","IMS-0478"
"ADD AUTHORITY","The Closet","","Image","Image Central","","IMA-0504"
"ADD SERIES","The Closet","The Closet","Image","Image Central","","IMS-0479"
"ADD AUTHORITY","the colonized","","Image","Image Central","","IMA-0505"
"ADD SERIES","the colonized","the colonized","Image","Image Central","","IMS-0480"
"ADD AUTHORITY","The Creep","","Image","Image Central","","IMA-0506"
"ADD SERIES","The Creep","The Creep","Image","Image Central","","IMS-0481"
"ADD AUTHORITY","The Crooked Man","","Image","Image Central","","IMA-0507"
"ADD SERIES","The Crooked Man","The Crooked Man","Image","Image Central","","IMS-0482"
"ADD AUTHORITY","The Cull","","Image","Image Central","","IMA-0508"
"ADD SERIES","The Cull","The Cull","Image","Image Central","","IMS-0483"
"ADD AUTHORITY","The Curse Of Sherlee Johnson","","Image","Image Central","","IMA-0509"
"ADD SERIES","The Curse Of Sherlee Johnson","The Curse Of Sherlee Johnson","Image","Image Central","","IMS-0484"
"ADD AUTHORITY","The Dark Room","","Image","Image Central","","IMA-0510"
"ADD SERIES","The Dark Room","The Dark Room","Image","Image Central","","IMS-0485"
"ADD SERIES","The Darkness","The Darkness","Image","Top Cow Productions","","IMS-0486"
"ADD AUTHORITY","The Dead Hand","","Image","Image Central","","IMA-0511"
"ADD SERIES","The Dead Hand","The Dead Hand","Image","Image Central","","IMS-0487"
"ADD AUTHORITY","The Dead Lucky","","Image","Massive-Verse","","IMA-0512"
"ADD SERIES","The Dead Lucky","The Dead Lucky","Image","Massive-Verse","","IMS-0488"
"ADD AUTHORITY","The Deadliest Bouquet","","Image","Image Central","","IMA-0513"
"ADD SERIES","The Deadliest Bouquet","The Deadliest Bouquet","Image","Image Central","","IMS-0489"
"ADD AUTHORITY","The Department of Truth","","Image","Image Central","","IMA-0514"
"REPAIR SERIES","The Department of Truth","The Department of Truth","Image","Image Central","","SER-01170"
"ADD AUTHORITY","The Deviant","","Image","Image Central","","IMA-0515"
"ADD SERIES","The Deviant","The Deviant","Image","Image Central","","IMS-0490"
"ADD AUTHORITY","The Divided States of Hysteria","","Image","Image Central","","IMA-0516"
"ADD SERIES","The Divided States of Hysteria","The Divided States of Hysteria","Image","Image Central","","IMS-0491"
"ADD AUTHORITY","The Double Life of Miranda Turner","","Image","Image Central","","IMA-0517"
"ADD SERIES","The Double Life of Miranda Turner","The Double Life of Miranda Turner","Image","Image Central","","IMS-0492"
"ADD AUTHORITY","The Dream Merchant","","Image","Image Central","","IMA-0518"
"ADD SERIES","The Dream Merchant","The Dream Merchant","Image","Image Central","","IMS-0493"
"ADD AUTHORITY","The Empty","","Image","Image Central","","IMA-0519"
"ADD SERIES","The Empty","The Empty","Image","Image Central","","IMS-0494"
"ADD AUTHORITY","THE ENFIELD GANG MASSACRE","","Image","Image Central","","IMA-0520"
"ADD SERIES","THE ENFIELD GANG MASSACRE","THE ENFIELD GANG MASSACRE","Image","Image Central","","IMS-0495"
"ADD AUTHORITY","The Essential Guide to Comic Book Lettering","","Image","Image Central","","IMA-0521"
"ADD SERIES","The Essential Guide to Comic Book Lettering","The Essential Guide to Comic Book Lettering","Image","Image Central","","IMS-0496"
"ADD AUTHORITY","THE EYE COLLECTOR","","Image","Image Central","","IMA-0522"
"ADD SERIES","THE EYE COLLECTOR","THE EYE COLLECTOR","Image","Image Central","","IMS-0497"
"ADD AUTHORITY","The Fade Out","","Image","Image Central","","IMA-0523"
"ADD SERIES","The Fade Out","The Fade Out","Image","Image Central","","IMS-0498"
"ADD AUTHORITY","The Fall","","Image","Image Central","","IMA-0524"
"ADD SERIES","The Fall","The Fall","Image","Image Central","","IMS-0499"
"ADD AUTHORITY","The Few","","Image","Image Central","","IMA-0525"
"ADD SERIES","The Few","The Few","Image","Image Central","","IMS-0500"
"ADD AUTHORITY","The Fix","","Image","Image Central","","IMA-0526"
"ADD SERIES","The Fix","The Fix","Image","Image Central","","IMS-0501"
"ADD AUTHORITY","The Forged","","Image","Image Central","","IMA-0527"
"ADD SERIES","The Forged","The Forged","Image","Image Central","","IMS-0502"
"ADD AUTHORITY","The Freeze","","Image","Image Central","","IMA-0528"
"ADD SERIES","The Freeze","The Freeze","Image","Image Central","","IMS-0503"
"ADD AUTHORITY","The Ghost Fleet","","Image","Image Central","","IMA-0529"
"ADD SERIES","The Ghost Fleet","The Ghost Fleet","Image","Image Central","","IMS-0504"
"ADD AUTHORITY","The GIANT KOKJU","","Image","Image Central","","IMA-0530"
"ADD SERIES","The GIANT KOKJU","The GIANT KOKJU","Image","Image Central","","IMS-0505"
"ADD AUTHORITY","The Goddamned","","Image","Image Central","","IMA-0531"
"ADD SERIES","The Goddamned","The Goddamned","Image","Image Central","","IMS-0506"
"ADD AUTHORITY","The Good Asian","","Image","Image Central","","IMA-0532"
"ADD SERIES","The Good Asian","The Good Asian","Image","Image Central","","IMS-0507"
"ADD AUTHORITY","The Gravediggers Union","","Image","Image Central","","IMA-0533"
"ADD SERIES","The Gravediggers Union","The Gravediggers Union","Image","Image Central","","IMS-0508"
"ADD AUTHORITY","The Hollows","","Image","Image Central","","IMA-0534"
"ADD SERIES","The Hollows","The Hollows","Image","Image Central","","IMS-0509"
"ADD AUTHORITY","The Holy Roller","","Image","Image Central","","IMA-0535"
"ADD SERIES","The Holy Roller","The Holy Roller","Image","Image Central","","IMS-0510"
"ADD AUTHORITY","The Hunt","","Image","Image Central","","IMA-0536"
"ADD SERIES","The Hunt","The Hunt","Image","Image Central","","IMS-0511"
"ADD AUTHORITY","The Infernals","","Image","Image Central","","IMA-0537"
"ADD SERIES","The Infernals","The Infernals","Image","Image Central","","IMS-0512"
"ADD AUTHORITY","The Infinite Horizon","","Image","Image Central","","IMA-0538"
"ADD SERIES","The Infinite Horizon","The Infinite Horizon","Image","Image Central","","IMS-0513"
"ADD AUTHORITY","THE KARMAN BLADE","","Image","Image Central","","IMA-0539"
"ADD SERIES","THE KARMAN BLADE","THE KARMAN BLADE","Image","Image Central","","IMS-0514"
"ADD SERIES","Criminal","The Knives A Criminal Book","Image","Image Central","","IMS-0515"
"ADD AUTHORITY","The Labyrinth","","Image","Image Central","","IMA-0540"
"ADD SERIES","The Labyrinth","The Labyrinth","Image","Image Central","","IMS-0516"
"ADD AUTHORITY","The Last Barbarians","","Image","Image Central","","IMA-0541"
"ADD SERIES","The Last Barbarians","The Last Barbarians","Image","Image Central","","IMS-0517"
"ADD AUTHORITY","The Last Christmas","","Image","Image Central","","IMA-0542"
"ADD SERIES","The Last Christmas","The Last Christmas","Image","Image Central","","IMS-0518"
"ADD AUTHORITY","The Last Mermaid","","Image","Image Central","","IMA-0543"
"ADD SERIES","The Last Mermaid","The Last Mermaid","Image","Image Central","","IMS-0519"
"ADD AUTHORITY","The Least We Can Do","","Image","Image Central","","IMA-0544"
"ADD SERIES","The Least We Can Do","The Least We Can Do","Image","Image Central","","IMS-0520"
"ADD AUTHORITY","The Li'l Depressed Boy","","Image","Image Central","","IMA-0545"
"ADD SERIES","The Li'l Depressed Boy","The Li'l Depressed Boy","Image","Image Central","","IMS-0521"
"ADD AUTHORITY","The Lucky Devils","","Image","Image Central","","IMA-0546"
"ADD SERIES","The Lucky Devils","The Lucky Devils","Image","Image Central","","IMS-0522"
"ADD AUTHORITY","The Ludocrats","","Image","Image Central","","IMA-0547"
"ADD SERIES","The Ludocrats","The Ludocrats","Image","Image Central","","IMS-0523"
"ADD AUTHORITY","The Magic Order","","Image","Millarworld","","IMA-0548"
"REPAIR SERIES","The Magic Order","The Magic Order","Image","Millarworld","","SER-01171"
"REPAIR SERIES","The Manhattan Projects","The Manhattan Projects","Image","Image Central","","SER-00820"
"ADD AUTHORITY","The Marked","","Image","Top Cow Productions","","IMA-0549"
"ADD SERIES","The Marked","The Marked","Image","Top Cow Productions","","IMS-0524"
"ADD AUTHORITY","The Me You Love In The Dark","","Image","Image Central","","IMA-0550"
"ADD SERIES","The Me You Love In The Dark","The Me You Love In The Dark","Image","Image Central","","IMS-0525"
"ADD AUTHORITY","The Mighty","","Image","Image Central","","IMA-0551"
"ADD SERIES","The Mighty","The Mighty","Image","Image Central","","IMS-0526"
"ADD AUTHORITY","The Moon Is Following Us","","Image","Image Central","","IMA-0552"
"REPAIR SERIES","The Moon Is Following Us","The Moon Is Following Us","Image","Image Central","","SER-01186"
"ADD AUTHORITY","The Official Image Timeline (One-Shot)","","Image","Image Central","","IMA-0553"
"ADD SERIES","The Official Image Timeline (One-Shot)","The Official Image Timeline (One-Shot)","Image","Image Central","","IMS-0527"
"ADD AUTHORITY","The Old Guard","","Image","Image Central","","IMA-0554"
"REPAIR SERIES","The Old Guard","The Old Guard","Image","Image Central","","SER-01172"
"ADD AUTHORITY","The One Hand","","Image","Image Central","","IMA-0555"
"ADD SERIES","The One Hand","The One Hand","Image","Image Central","","IMS-0528"
"ADD AUTHORITY","The Passageway","","Image","Image Central","","IMA-0556"
"ADD SERIES","The Passageway","The Passageway","Image","Image Central","","IMS-0529"
"ADD AUTHORITY","The Power Fantasy","","Image","Image Central","","IMA-0557"
"REPAIR SERIES","The Power Fantasy","The Power Fantasy","Image","Image Central","","SER-01173"
"ADD AUTHORITY","The Private Eye","","Image","Image Central","","IMA-0558"
"ADD SERIES","The Private Eye","The Private Eye","Image","Image Central","","IMS-0530"
"ADD AUTHORITY","The Pro","","Image","Image Central","","IMA-0559"
"ADD SERIES","The Pro","The Pro","Image","Image Central","","IMS-0531"
"ADD AUTHORITY","The Rocketfellers","","Image","Ghost Machine","","IMA-0560"
"ADD SERIES","The Rocketfellers","The Rocketfellers","Image","Ghost Machine","","IMS-0532"
"ADD AUTHORITY","The Sacrificers","","Image","Image Central","","IMA-0561"
"REPAIR SERIES","The Sacrificers","The Sacrificers","Image","Image Central","","SER-01174"
"ADD AUTHORITY","The Savage Strength of Starstorm","","Image","Image Central","","IMA-0562"
"ADD SERIES","The Savage Strength of Starstorm","The Savage Strength of Starstorm","Image","Image Central","","IMS-0533"
"ADD AUTHORITY","The Saviors","","Image","Image Central","","IMA-0563"
"ADD SERIES","The Saviors","The Saviors","Image","Image Central","","IMS-0534"
"ADD AUTHORITY","THE SCHLUB","","Image","Image Central","","IMA-0564"
"ADD SERIES","THE SCHLUB","THE SCHLUB","Image","Image Central","","IMS-0535"
"ADD SERIES","Spawn","The Scorched","Image","Todd McFarlane Productions / Spawn Universe","","IMS-0536"
"ADD AUTHORITY","The Scumbag","","Image","Image Central","","IMA-0565"
"ADD SERIES","The Scumbag","The Scumbag","Image","Image Central","","IMS-0537"
"ADD AUTHORITY","The Seasons","","Image","Image Central","","IMA-0566"
"ADD SERIES","The Seasons","The Seasons","Image","Image Central","","IMS-0538"
"ADD AUTHORITY","The Secret History Of The War On Weed","","Image","Image Central","","IMA-0567"
"ADD SERIES","The Secret History Of The War On Weed","The Secret History Of The War On Weed","Image","Image Central","","IMS-0539"
"ADD AUTHORITY","The Silver Coin","","Image","Image Central","","IMA-0568"
"ADD SERIES","The Silver Coin","The Silver Coin","Image","Image Central","","IMS-0540"
"ADD AUTHORITY","The singularity","","Image","Image Central","","IMA-0569"
"ADD SERIES","The singularity","The singularity","Image","Image Central","","IMS-0541"
"ADD AUTHORITY","The Six Fingers","","Image","Image Central","","IMA-0570"
"ADD SERIES","The Six Fingers","The Six Fingers","Image","Image Central","","IMS-0542"
"ADD AUTHORITY","The Tin Can Society","","Image","Image Central","","IMA-0571"
"ADD SERIES","The Tin Can Society","The Tin Can Society","Image","Image Central","","IMS-0543"
"ADD AUTHORITY","The Tithe","","Image","Skybound","","IMA-0572"
"ADD SERIES","The Tithe","The Tithe","Image","Skybound","","IMS-0544"
"ADD AUTHORITY","The UnChosen","","Image","Image Central","","IMA-0573"
"ADD SERIES","The UnChosen","The UnChosen","Image","Image Central","","IMS-0545"
"ADD AUTHORITY","The Voice Said Kill","","Image","Image Central","","IMA-0574"
"ADD SERIES","The Voice Said Kill","The Voice Said Kill","Image","Image Central","","IMS-0546"
"REPAIR SERIES","The Walking Dead","The Walking Dead","Image","Skybound","","SER-00866"
"ADD AUTHORITY","The Weatherman","","Image","Image Central","","IMA-0575"
"REPAIR SERIES","The Weatherman","The Weatherman","Image","Image Central","","SER-01175"
"ADD AUTHORITY","The Whisper Queen","","Image","Image Central","","IMA-0576"
"ADD SERIES","The Whisper Queen","The Whisper Queen","Image","Image Central","","IMS-0547"
"ADD AUTHORITY","The White Trees","","Image","Image Central","","IMA-0577"
"ADD SERIES","The White Trees","The White Trees","Image","Image Central","","IMS-0548"
"REPAIR SERIES","The Wicked + The Divine","The Wicked + The Divine","Image","Image Central","","SER-00869"
"ADD AUTHORITY","They're Not Like Us","","Image","Image Central","","IMA-0578"
"ADD SERIES","They're Not Like Us","They're Not Like Us","Image","Image Central","","IMS-0549"
"ADD AUTHORITY","Thief of Thieves","","Image","Skybound","","IMA-0579"
"ADD SERIES","Thief of Thieves","Thief of Thieves","Image","Skybound","","IMS-0550"
"ADD AUTHORITY","Think Tank","","Image","Top Cow Productions","","IMA-0580"
"ADD SERIES","Think Tank","Think Tank","Image","Top Cow Productions","","IMS-0551"
"ADD AUTHORITY","THIS ENDS TONIGHT","","Image","Image Central","","IMA-0581"
"ADD SERIES","THIS ENDS TONIGHT","THIS ENDS TONIGHT","Image","Image Central","","IMS-0552"
"ADD AUTHORITY","Thought Bubble","","Image","Image Central","","IMA-0582"
"ADD SERIES","Thought Bubble","Thought Bubble","Image","Image Central","","IMS-0553"
"ADD AUTHORITY","Thumbs","","Image","Image Central","","IMA-0583"
"ADD SERIES","Thumbs","Thumbs","Image","Image Central","","IMS-0554"
"ADD AUTHORITY","TIGRESS ISLAND","","Image","Image Central","","IMA-0584"
"ADD SERIES","TIGRESS ISLAND","TIGRESS ISLAND","Image","Image Central","","IMS-0555"
"ADD AUTHORITY","Tim Seeley's Action Figure Collection","","Image","Image Central","","IMA-0585"
"ADD SERIES","Tim Seeley's Action Figure Collection","Tim Seeley's Action Figure Collection","Image","Image Central","","IMS-0556"
"ADD AUTHORITY","Time Before Time","","Image","Image Central","","IMA-0586"
"ADD SERIES","Time Before Time","Time Before Time","Image","Image Central","","IMS-0557"
"ADD AUTHORITY","Time^2","","Image","Image Central","","IMA-0587"
"ADD SERIES","Time^2","Time^2","Image","Image Central","","IMS-0558"
"ADD AUTHORITY","Tokyo Ghost","","Image","Image Central","","IMA-0588"
"ADD SERIES","Tokyo Ghost","Tokyo Ghost","Image","Image Central","","IMS-0559"
"ADD AUTHORITY","Too Dead To Die: A Simon Cross Thriller","","Image","Image Central","","IMA-0589"
"ADD SERIES","Too Dead To Die: A Simon Cross Thriller","Too Dead To Die: A Simon Cross Thriller","Image","Image Central","","IMS-0560"
"ADD AUTHORITY","Torrent","","Image","Image Central","","IMA-0590"
"ADD SERIES","Torrent","Torrent","Image","Image Central","","IMS-0561"
"ADD SERIES","Transformers","Transformers","Image","Skybound / Energon Universe","","IMS-0562"
"ADD AUTHORITY","Transhuman","","Image","Image Central","","IMA-0591"
"ADD SERIES","Transhuman","Transhuman","Image","Image Central","","IMS-0563"
"REPAIR SERIES","Trees","Trees","Image","Image Central","","SER-00887"
"ADD AUTHORITY","Trover Saves The Universe","","Image","Image Central","","IMA-0592"
"ADD SERIES","Trover Saves The Universe","Trover Saves The Universe","Image","Image Central","","IMS-0564"
"ADD AUTHORITY","Twig","","Image","Image Central","","IMA-0593"
"ADD SERIES","Twig","Twig","Image","Image Central","","IMS-0565"
"ADD AUTHORITY","Twisted Romance","","Image","Image Central","","IMA-0594"
"ADD SERIES","Twisted Romance","Twisted Romance","Image","Image Central","","IMS-0566"
"ADD AUTHORITY","Two Moons","","Image","Image Central","","IMA-0595"
"ADD SERIES","Two Moons","Two Moons","Image","Image Central","","IMS-0567"
"ADD AUTHORITY","Ultramega","","Image","Skybound","","IMA-0596"
"ADD SERIES","Ultramega","Ultramega","Image","Skybound","","IMS-0568"
"ADD AUTHORITY","Under York","","Image","Image Central","","IMA-0597"
"ADD SERIES","Under York","Under York","Image","Image Central","","IMS-0569"
"ADD AUTHORITY","Undiscovered Country","","Image","Image Central","","IMA-0598"
"ADD SERIES","Undiscovered Country","Undiscovered Country","Image","Image Central","","IMS-0570"
"ADD AUTHORITY","Universal Monsters: The Mummy","","Image","Skybound / Universal Monsters","","IMA-0599"
"ADD SERIES","Universal Monsters: The Mummy","Universal Monsters The Mummy","Image","Skybound / Universal Monsters","","IMS-0571"
"ADD AUTHORITY","Universal Monsters: Creature from the Black Lagoon","","Image","Skybound / Universal Monsters","","IMA-0600"
"ADD SERIES","Universal Monsters: Creature from the Black Lagoon","Universal Monsters: Creature From The Black Lagoon Lives!","Image","Skybound / Universal Monsters","","IMS-0572"
"ADD AUTHORITY","Universal Monsters: Dracula","","Image","Skybound / Universal Monsters","","IMA-0601"
"ADD SERIES","Universal Monsters: Dracula","UNIVERSAL MONSTERS: DRACULA","Image","Skybound / Universal Monsters","","IMS-0573"
"ADD AUTHORITY","Universal Monsters: Frankenstein","","Image","Skybound / Universal Monsters","","IMA-0602"
"ADD SERIES","Universal Monsters: Frankenstein","Universal Monsters: Frankenstein","Image","Skybound / Universal Monsters","","IMS-0574"
"ADD AUTHORITY","Universe!","","Image","Image Central","","IMA-0603"
"ADD SERIES","Universe!","Universe!","Image","Image Central","","IMS-0575"
"ADD AUTHORITY","Unnatural","","Image","Image Central","","IMA-0604"
"ADD SERIES","Unnatural","Unnatural","Image","Image Central","","IMS-0576"
"ADD SERIES","I Hate Fairyland","UNTOLD TALES OF I HATE FAIRYLAND","Image","Image Central","","IMS-0577"
"ADD AUTHORITY","User","","Image","Image Central","","IMA-0605"
"ADD SERIES","User","User","Image","Image Central","","IMS-0578"
"ADD AUTHORITY","Vanish","","Image","Image Central","","IMA-0606"
"ADD SERIES","Vanish","Vanish","Image","Image Central","","IMS-0579"
"ADD AUTHORITY","Velocity","","Image","Top Cow Productions","","IMA-0607"
"ADD SERIES","Velocity","Velocity","Image","Top Cow Productions","","IMS-0580"
"REPAIR SERIES","Velvet","Velvet","Image","Image Central","","SER-00924"
"ADD AUTHORITY","Vindication","","Image","Image Central","","IMA-0608"
"ADD SERIES","Vindication","Vindication","Image","Image Central","","IMS-0581"
"ADD AUTHORITY","Vinyl","","Image","Image Central","","IMA-0609"
"ADD SERIES","Vinyl","Vinyl","Image","Image Central","","IMS-0582"
"ADD AUTHORITY","Void Rivals","","Image","Skybound / Energon Universe","","IMA-0610"
"REPAIR SERIES","Void Rivals","Void Rivals","Image","Skybound / Energon Universe","","SER-01176"
"ADD AUTHORITY","Voyagis","","Image","Image Central","","IMA-0611"
"ADD SERIES","Voyagis","Voyagis","Image","Image Central","","IMS-0583"
"ADD AUTHORITY","W0rldtr33","","Image","Image Central","","IMA-0612"
"REPAIR SERIES","W0rldtr33","W0rldtr33","Image","Image Central","","SER-01177"
"REPAIR SERIES","Wanted","Wanted","Image","Millarworld","","SER-00943"
"ADD AUTHORITY","Warframe","","Image","Image Central","","IMA-0613"
"ADD SERIES","Warframe","Warframe","Image","Image Central","","IMS-0584"
"REPAIR SERIES","Wayward","Wayward","Image","Image Central","","SER-00955"
"ADD AUTHORITY","We Stand On Guard","","Image","Image Central","","IMA-0614"
"ADD SERIES","We Stand On Guard","We Stand On Guard","Image","Image Central","","IMS-0585"
"ADD AUTHORITY","We're Taking Everyone Down With Us","","Image","Image Central","","IMA-0615"
"ADD SERIES","We're Taking Everyone Down With Us","We're Taking Everyone Down With Us","Image","Image Central","","IMS-0586"
"ADD AUTHORITY","Weird Work","","Image","Image Central","","IMA-0616"
"ADD SERIES","Weird Work","Weird Work","Image","Image Central","","IMS-0587"
"ADD AUTHORITY","What's The Furthest Place From Here?","","Image","Image Central","","IMA-0617"
"REPAIR SERIES","What's The Furthest Place From Here?","What's the Furthest Place from Here?","Image","Image Central","","SER-01178"
"ADD AUTHORITY","Where The Body Was","","Image","Image Central","","IMA-0618"
"ADD SERIES","Where The Body Was","Where The Body Was","Image","Image Central","","IMS-0588"
"ADD AUTHORITY","White Sky","","Image","Image Central","","IMA-0619"
"ADD SERIES","White Sky","White Sky","Image","Image Central","","IMS-0589"
"ADD AUTHORITY","Wildfire","","Image","Image Central","","IMA-0620"
"ADD SERIES","Wildfire","Wildfire","Image","Image Central","","IMS-0590"
"ADD AUTHORITY","Witch Doctor","","Image","Skybound","","IMA-0621"
"ADD SERIES","Witch Doctor","Witch Doctor","Image","Skybound","","IMS-0591"
"REPAIR SERIES","Witchblade","Witchblade","Image","Top Cow Productions","","SER-01179"
"ADD AUTHORITY","Wizard's Tale","","Image","Image Central","","IMA-0622"
"ADD SERIES","Wizard's Tale","Wizard's Tale","Image","Image Central","","IMS-0592"
"ADD AUTHORITY","Write It In Blood","","Image","Image Central","","IMA-0623"
"ADD SERIES","Write It In Blood","Write It In Blood","Image","Image Central","","IMS-0593"
"REPAIR SERIES","Wytches","Wytches","Image","Image Central","","SER-00986"
"ADD AUTHORITY","You'll Do Bad Things","","Image","Image Central","","IMA-0624"
"ADD SERIES","You'll Do Bad Things","You'll Do Bad Things","Image","Image Central","","IMS-0594"
"REPAIR SERIES","Youngblood","Youngblood","Image","Extreme Studios / Awesome Comics","","SER-01008"
"ADD AUTHORITY","YUMI: 00EX","","Image","Image Central","","IMA-0625"
"ADD SERIES","YUMI: 00EX","YUMI: 00EX","Image","Image Central","","IMS-0595"
"ADD AUTHORITY","1963","","Image","Image Central","","IMA-0626"
"ADD SERIES","1963","1963","Image","Image Central","","IMS-0596"
"ADD AUTHORITY","A Touch of Silver","","Image","Shadowline","","IMA-0627"
"ADD SERIES","A Touch of Silver","A Touch of Silver","Image","Shadowline","","IMS-0597"
"ADD AUTHORITY","Allegra","","Image","Image Central","","IMA-0628"
"ADD SERIES","Allegra","Allegra","Image","Image Central","","IMS-0598"
"ADD AUTHORITY","Altered Image","","Image","Image Central","","IMA-0629"
"ADD SERIES","Altered Image","Altered Image","Image","Image Central","","IMS-0599"
"ADD SERIES","Spawn","Angela","Image","Todd McFarlane Productions / Spawn Universe","","IMS-0600"
"ADD SERIES","Aphrodite IX","Aphrodite IX","Image","Top Cow Productions","","IMS-0601"
"ADD AUTHORITY","Avengelyne","","Image","Extreme Studios / Awesome Comics","","IMA-0630"
"ADD SERIES","Avengelyne","Avengelyne","Image","Extreme Studios / Awesome Comics","","IMS-0602"
"ADD AUTHORITY","Badrock","","Image","Extreme Studios / Awesome Comics","","IMA-0631"
"ADD SERIES","Badrock","Badrock","Image","Extreme Studios / Awesome Comics","","IMS-0603"
"ADD SERIES","Backlash","Backlash","Image","Image Central","","IMS-0604"
"ADD AUTHORITY","Battle Beast","","Image","Skybound","","IMA-0632"
"ADD SERIES","Battle Beast","Battle Beast","Image","Skybound","","IMS-0605"
"ADD AUTHORITY","Big Bang Comics","","Image","Image Central","","IMA-0633"
"ADD SERIES","Big Bang Comics","Big Bang Comics","Image","Image Central","","IMS-0606"
"ADD SERIES","Youngblood","Bloodpool","Image","Extreme Studios / Awesome Comics","","IMS-0607"
"ADD AUTHORITY","Chapel","","Image","Extreme Studios / Awesome Comics","","IMA-0634"
"ADD SERIES","Chapel","Chapel","Image","Extreme Studios / Awesome Comics","","IMS-0608"
"ADD AUTHORITY","Codename: Strykeforce","","Image","Top Cow Productions","","IMA-0635"
"ADD SERIES","Codename: Strykeforce","Codename: Strykeforce","Image","Top Cow Productions","","IMS-0609"
"ADD AUTHORITY","Cobra Commander","","Image","Skybound / Energon Universe","","IMA-0636"
"ADD SERIES","Cobra Commander","Cobra Commander","Image","Skybound / Energon Universe","","IMS-0610"
"ADD AUTHORITY","Darker Image","","Image","Image Central","","IMA-0637"
"ADD SERIES","Darker Image","Darker Image","Image","Image Central","","IMS-0611"
"ADD AUTHORITY","Deathmate","","Image","Image Central","","IMA-0638"
"ADD SERIES","Deathmate","Deathmate","Image","Image Central","","IMS-0612"
"ADD AUTHORITY","Destro","","Image","Skybound / Energon Universe","","IMA-0639"
"ADD SERIES","Destro","Destro","Image","Skybound / Energon Universe","","IMS-0613"
"ADD AUTHORITY","Duke","","Image","Skybound / Energon Universe","","IMA-0640"
"ADD SERIES","Duke","Duke","Image","Skybound / Energon Universe","","IMS-0614"
"ADD AUTHORITY","Dynamo 5","","Image","Shadowline","","IMA-0641"
"ADD SERIES","Dynamo 5","Dynamo 5","Image","Shadowline","","IMS-0615"
"ADD AUTHORITY","Freak Force","","Image","Highbrow Entertainment","","IMA-0642"
"ADD SERIES","Freak Force","Freak Force","Image","Highbrow Entertainment","","IMS-0616"
"ADD SERIES","Invincible","Invincible Universe","Image","Skybound","","IMS-0617"
"ADD AUTHORITY","Image United","","Image","Image Central","","IMA-0643"
"ADD SERIES","Image United","Image United","Image","Image Central","","IMS-0618"
"ADD AUTHORITY","Image Zero","","Image","Image Central","","IMA-0644"
"ADD SERIES","Image Zero","Image Zero","Image","Image Central","","IMS-0619"
"REPAIR SERIES","Jupiter's Legacy","Jupiter's Circle","Image","Millarworld","","SER-00411"
"ADD AUTHORITY","Knightmare","","Image","Image Central","","IMA-0645"
"ADD SERIES","Knightmare","Knightmare","Image","Image Central","","IMS-0620"
"ADD AUTHORITY","Maximage","","Image","Extreme Studios / Awesome Comics","","IMA-0646"
"ADD SERIES","Maximage","Maximage","Image","Extreme Studios / Awesome Comics","","IMS-0621"
"ADD AUTHORITY","Mice Templar","","Image","Shadowline","","IMA-0647"
"ADD SERIES","Mice Templar","Mice Templar","Image","Shadowline","","IMS-0622"
"ADD AUTHORITY","New Men","","Image","Extreme Studios / Awesome Comics","","IMA-0648"
"ADD SERIES","New Men","New Men","Image","Extreme Studios / Awesome Comics","","IMS-0623"
"ADD AUTHORITY","Noble Causes","","Image","Shadowline","","IMA-0649"
"ADD SERIES","Noble Causes","Noble Causes","Image","Shadowline","","IMS-0624"
"ADD AUTHORITY","Pitt Crew","","Image","Image Central","","IMA-0650"
"ADD SERIES","Pitt Crew","Pitt Crew","Image","Image Central","","IMS-0625"
"REPAIR SERIES","Powers","Powers","Image","Image Central","","SER-00573"
"ADD AUTHORITY","Proof","","Image","Shadowline","","IMA-0651"
"ADD SERIES","Proof","Proof","Image","Shadowline","","IMS-0626"
"ADD SERIES","The Walking Dead","Rick Grimes 2000","Image","Skybound","","IMS-0627"
"ADD AUTHORITY","Scarlett","","Image","Skybound / Energon Universe","","IMA-0652"
"ADD SERIES","Scarlett","Scarlett","Image","Skybound / Energon Universe","","IMS-0628"
"ADD AUTHORITY","Skullkickers","","Image","Shadowline","","IMA-0653"
"ADD SERIES","Skullkickers","Skullkickers","Image","Shadowline","","IMS-0629"
"ADD AUTHORITY","SuperPatriot","","Image","Highbrow Entertainment","","IMA-0654"
"ADD SERIES","SuperPatriot","SuperPatriot","Image","Highbrow Entertainment","","IMS-0630"
"ADD SERIES","Youngblood","Team Youngblood","Image","Extreme Studios / Awesome Comics","","IMS-0631"
"ADD SERIES","The Walking Dead","The Walking Dead Deluxe","Image","Skybound","","IMS-0632"
"ADD AUTHORITY","Vanguard","","Image","Highbrow Entertainment","","IMA-0655"
"ADD SERIES","Vanguard","Vanguard","Image","Highbrow Entertainment","","IMS-0633"
"ADD SERIES","Youngblood","Youngblood: Bloodsport","Image","Extreme Studios / Awesome Comics","","IMS-0634"
"ADD SERIES","Youngblood","Youngblood Strikefile","Image","Extreme Studios / Awesome Comics","","IMS-0635"
"REPAIR GENERIC PARENT","Spawn","Spawn: The Scorched","Image","Todd McFarlane Productions / Spawn Universe","","SER-01163"
